productkey,locationkey,timekey,total_sales_units,avg_pos_transaction_price_ntl,apparent_temperature_high_week,new_sku_three_month_flag
139233,7,2018-01-07,4,49.29667,1.7385714,N
102769,7,2018-01-07,5,58.899998,1.7385714,N
105376,7,2018-01-07,3,55.528,1.7385714,N
139233,11,2018-01-07,1,49.29667,-1.2057143,N
102769,11,2018-01-07,2,58.899998,-1.2057143,N
105376,11,2018-01-07,4,55.528,-1.2057143,N
105376,3,2018-01-07,4,55.528,5.85,N
139233,3,2018-01-07,3,49.29667,5.85,N
102769,3,2018-01-07,4,58.899998,5.85,N
26395,7,2018-01-14,2,34.39,-1.3671429,Y
139233,7,2018-01-14,3,49.413334,-1.3671429,N
102769,7,2018-01-14,5,57.272858,-1.3671429,N
105376,7,2018-01-14,3,54.59,-1.3671429,N
105376,11,2018-01-14,2,54.59,-5.1257143,N
26395,11,2018-01-14,1,34.39,-5.1257143,Y
102769,11,2018-01-14,3,57.272858,-5.1257143,N
139233,11,2018-01-14,4,49.413334,-5.1257143,N
139233,3,2018-01-14,1,49.413334,8.431429,N
26395,3,2018-01-14,4,34.39,8.431429,Y
102769,3,2018-01-14,1,57.272858,8.431429,N
52148,3,2018-01-14,2,20.642,8.431429,Y
105376,3,2018-01-14,5,54.59,8.431429,N
139233,7,2018-01-21,2,49.093334,0.63285714,N
105376,7,2018-01-21,1,58,0.63285714,N
26395,7,2018-01-21,4,33.691666,0.63285714,Y
102769,7,2018-01-21,4,59.271427,0.63285714,N
52148,7,2018-01-21,3,21.734,0.63285714,Y
52148,11,2018-01-21,3,21.734,1.2428571,Y
139233,11,2018-01-21,1,49.093334,1.2428571,N
105376,11,2018-01-21,1,58,1.2428571,N
26395,11,2018-01-21,5,33.691666,1.2428571,Y
102769,11,2018-01-21,2,59.271427,1.2428571,N
52148,3,2018-01-21,1,21.734,5.734286,Y
26395,3,2018-01-21,4,33.691666,5.734286,Y
105376,3,2018-01-21,5,58,5.734286,N
139233,3,2018-01-21,2,49.093334,5.734286,N
102769,3,2018-01-21,5,59.271427,5.734286,N
105376,7,2018-01-28,1,54.326,-1.6642857,N
139233,7,2018-01-28,1,49.34667,-1.6642857,N
52148,7,2018-01-28,5,23.22,-1.6642857,Y
26395,7,2018-01-28,1,34.07,-1.6642857,Y
102769,7,2018-01-28,4,53.34,-1.6642857,N
52148,11,2018-01-28,5,23.22,-4.95,Y
139233,11,2018-01-28,4,49.34667,-4.95,N
26395,11,2018-01-28,3,34.07,-4.95,Y
105376,11,2018-01-28,4,54.326,-4.95,N
102769,11,2018-01-28,4,53.34,-4.95,N
26395,3,2018-01-28,5,34.07,7.432857,Y
139233,3,2018-01-28,4,49.34667,7.432857,N
52148,3,2018-01-28,3,23.22,7.432857,Y
102769,3,2018-01-28,2,53.34,7.432857,N
105376,3,2018-01-28,2,54.326,7.432857,N
105376,7,2018-02-04,5,58,1.6371429,N
139233,7,2018-02-04,1,48.823334,1.6371429,N
26395,7,2018-02-04,1,34.756668,1.6371429,Y
52148,7,2018-02-04,1,23.58,1.6371429,Y
102769,7,2018-02-04,2,58.265713,1.6371429,N
52148,11,2018-02-04,4,23.58,-6.385714,Y
105376,11,2018-02-04,4,58,-6.385714,N
26395,11,2018-02-04,4,34.756668,-6.385714,Y
139233,11,2018-02-04,1,48.823334,-6.385714,N
102769,11,2018-02-04,5,58.265713,-6.385714,N
102769,3,2018-02-04,5,58.265713,8.334286,N
26395,3,2018-02-04,5,34.756668,8.334286,Y
139233,3,2018-02-04,3,48.823334,8.334286,N
52148,3,2018-02-04,3,23.58,8.334286,Y
105376,3,2018-02-04,4,58,8.334286,N
105376,7,2018-02-11,5,57.12,3.867143,N
52148,7,2018-02-11,4,23.758,3.867143,Y
139233,7,2018-02-11,3,49.256668,3.867143,N
102769,7,2018-02-11,1,59.047142,3.867143,N
26395,7,2018-02-11,5,33.556667,3.867143,Y
26395,11,2018-02-11,1,33.556667,-0.5271429,Y
139233,11,2018-02-11,4,49.256668,-0.5271429,N
52148,11,2018-02-11,2,23.758,-0.5271429,Y
102769,11,2018-02-11,3,59.047142,-0.5271429,N
105376,11,2018-02-11,4,57.12,-0.5271429,N
139233,3,2018-02-11,5,49.256668,5.9357142,N
102769,3,2018-02-11,2,59.047142,5.9357142,N
52148,3,2018-02-11,4,23.758,5.9357142,Y
26395,3,2018-02-11,3,33.556667,5.9357142,Y
105376,3,2018-02-11,4,57.12,5.9357142,N
105376,7,2018-02-18,5,57.34,5.3285713,N
52148,7,2018-02-18,1,22.354,5.3285713,Y
102769,7,2018-02-18,4,58.33,5.3285713,N
26395,7,2018-02-18,5,34.72,5.3285713,Y
139233,7,2018-02-18,1,48.516666,5.3285713,N
105376,11,2018-02-18,4,57.34,4.7557144,N
102769,11,2018-02-18,2,58.33,4.7557144,N
26395,11,2018-02-18,3,34.72,4.7557144,Y
52148,11,2018-02-18,2,22.354,4.7557144,Y
139233,11,2018-02-18,2,48.516666,4.7557144,N
52148,3,2018-02-18,5,22.354,1.1457143,Y
26395,3,2018-02-18,4,34.72,1.1457143,Y
139233,3,2018-02-18,1,48.516666,1.1457143,N
102769,3,2018-02-18,5,58.33,1.1457143,N
105376,3,2018-02-18,5,57.34,1.1457143,N
105376,7,2018-02-25,1,57.222,4.72,N
52148,7,2018-02-25,2,23.132,4.72,Y
139233,7,2018-02-25,1,49.508335,4.72,N
26395,7,2018-02-25,3,33.598335,4.72,Y
102769,7,2018-02-25,3,58.952858,4.72,N
139233,11,2018-02-25,2,49.508335,7.015714,N
102769,11,2018-02-25,1,58.952858,7.015714,N
105376,11,2018-02-25,5,57.222,7.015714,N
26395,11,2018-02-25,5,33.598335,7.015714,Y
52148,11,2018-02-25,4,23.132,7.015714,Y
52148,3,2018-02-25,1,23.132,6.1814284,Y
105376,3,2018-02-25,5,57.222,6.1814284,N
26395,3,2018-02-25,5,33.598335,6.1814284,Y
139233,3,2018-02-25,1,49.508335,6.1814284,N
102769,3,2018-02-25,2,58.952858,6.1814284,N
52148,7,2018-03-04,3,22.932001,2.377143,Y
105376,7,2018-03-04,3,55.046,2.377143,N
139233,7,2018-03-04,1,48.585,2.377143,N
26395,7,2018-03-04,4,34.65667,2.377143,Y
102769,7,2018-03-04,5,59.64,2.377143,N
139233,11,2018-03-04,4,48.585,0.46571428,N
26395,11,2018-03-04,3,34.65667,0.46571428,Y
102769,11,2018-03-04,1,59.64,0.46571428,N
52148,11,2018-03-04,5,22.932001,0.46571428,Y
105376,11,2018-03-04,1,55.046,0.46571428,N
102769,3,2018-03-04,1,59.64,8.751429,N
139233,3,2018-03-04,3,48.585,8.751429,N
26395,3,2018-03-04,5,34.65667,8.751429,Y
52148,3,2018-03-04,3,22.932001,8.751429,Y
105376,3,2018-03-04,2,55.046,8.751429,N
52148,7,2018-03-11,3,22.256,-1.0428572,Y
26395,7,2018-03-11,3,32.088333,-1.0428572,Y
102769,7,2018-03-11,3,54.997143,-1.0428572,N
139233,7,2018-03-11,3,46.818333,-1.0428572,N
105376,7,2018-03-11,2,53.420002,-1.0428572,N
105376,11,2018-03-11,1,53.420002,-0.27857143,N
52148,11,2018-03-11,1,22.256,-0.27857143,Y
139233,11,2018-03-11,3,46.818333,-0.27857143,N
26395,11,2018-03-11,3,32.088333,-0.27857143,Y
102769,11,2018-03-11,5,54.997143,-0.27857143,N
26395,3,2018-03-11,2,32.088333,13.641429,Y
105376,3,2018-03-11,5,53.420002,13.641429,N
139233,3,2018-03-11,1,46.818333,13.641429,N
102769,3,2018-03-11,5,54.997143,13.641429,N
52148,3,2018-03-11,2,22.256,13.641429,Y
105376,7,2018-03-18,5,54.096,-0.4457143,N
102769,7,2018-03-18,1,57.43714,-0.4457143,N
139233,7,2018-03-18,3,46.898335,-0.4457143,N
26395,7,2018-03-18,3,33.328335,-0.4457143,Y
52148,7,2018-03-18,3,21.666,-0.4457143,Y
102769,11,2018-03-18,4,57.43714,2.4171429,N
26395,11,2018-03-18,4,33.328335,2.4171429,Y
52148,11,2018-03-18,4,21.666,2.4171429,Y
139233,11,2018-03-18,2,46.898335,2.4171429,N
105376,11,2018-03-18,5,54.096,2.4171429,N
102769,3,2018-03-18,4,57.43714,9.58,N
105376,3,2018-03-18,5,54.096,9.58,N
139233,3,2018-03-18,5,46.898335,9.58,N
26395,3,2018-03-18,5,33.328335,9.58,Y
52148,3,2018-03-18,2,21.666,9.58,Y
105376,7,2018-03-25,3,52.84,6.1757145,N
102769,7,2018-03-25,2,56.275715,6.1757145,N
26395,7,2018-03-25,2,33.621666,6.1757145,Y
139233,7,2018-03-25,3,47.713333,6.1757145,N
52148,7,2018-03-25,4,23.364,6.1757145,Y
139233,11,2018-03-25,2,47.713333,4.74,N
52148,11,2018-03-25,1,23.364,4.74,Y
26395,11,2018-03-25,3,33.621666,4.74,Y
105376,11,2018-03-25,1,52.84,4.74,N
102769,11,2018-03-25,2,56.275715,4.74,N
52148,3,2018-03-25,2,23.364,10.3,Y
102769,3,2018-03-25,2,56.275715,10.3,N
105376,3,2018-03-25,5,52.84,10.3,N
26395,3,2018-03-25,3,33.621666,10.3,Y
139233,3,2018-03-25,5,47.713333,10.3,N
105376,7,2018-04-01,2,57.078,3.2485714,N
26395,7,2018-04-01,4,33.621666,3.2485714,N
102769,7,2018-04-01,3,58.017143,3.2485714,N
139233,7,2018-04-01,5,49.465,3.2485714,N
52148,7,2018-04-01,3,18.802,3.2485714,N
105376,11,2018-04-01,5,57.078,0.56857145,N
102769,11,2018-04-01,4,58.017143,0.56857145,N
52148,11,2018-04-01,3,18.802,0.56857145,N
26395,11,2018-04-01,4,33.621666,0.56857145,N
139233,11,2018-04-01,3,49.465,0.56857145,N
105376,3,2018-04-01,4,57.078,10.392858,N
26395,3,2018-04-01,3,33.621666,10.392858,N
52148,3,2018-04-01,1,18.802,10.392858,N
102769,3,2018-04-01,4,58.017143,10.392858,N
139233,3,2018-04-01,4,49.465,10.392858,N
139233,7,2018-04-08,4,48.3,4.6442857,N
52148,7,2018-04-08,5,19.718,4.6442857,N
105376,7,2018-04-08,2,57.326,4.6442857,N
93507,7,2018-04-08,3,40.385002,4.6442857,Y
102769,7,2018-04-08,1,58.69857,4.6442857,N
26395,7,2018-04-08,1,33.843334,4.6442857,N
52148,11,2018-04-08,4,19.718,3.31,N
102769,11,2018-04-08,3,58.69857,3.31,N
26395,11,2018-04-08,3,33.843334,3.31,N
105376,11,2018-04-08,4,57.326,3.31,N
139233,11,2018-04-08,1,48.3,3.31,N
93507,11,2018-04-08,2,40.385002,3.31,Y
105376,3,2018-04-08,1,57.326,11.831429,N
52148,3,2018-04-08,3,19.718,11.831429,N
102769,3,2018-04-08,3,58.69857,11.831429,N
26395,3,2018-04-08,2,33.843334,11.831429,N
139233,3,2018-04-08,2,48.3,11.831429,N
139233,7,2018-04-15,1,48.163334,4.7685714,N
52148,7,2018-04-15,3,23.466,4.7685714,N
102769,7,2018-04-15,2,57.835716,4.7685714,N
93507,7,2018-04-15,2,42.125,4.7685714,Y
105376,7,2018-04-15,3,55.822,4.7685714,N
26395,7,2018-04-15,1,34.066666,4.7685714,N
139233,11,2018-04-15,1,48.163334,2.577143,N
52148,11,2018-04-15,1,23.466,2.577143,N
93507,11,2018-04-15,5,42.125,2.577143,Y
26395,11,2018-04-15,2,34.066666,2.577143,N
102769,11,2018-04-15,3,57.835716,2.577143,N
105376,11,2018-04-15,5,55.822,2.577143,N
93507,3,2018-04-15,2,42.125,12.811429,Y
102769,3,2018-04-15,5,57.835716,12.811429,N
139233,3,2018-04-15,2,48.163334,12.811429,N
105376,3,2018-04-15,3,55.822,12.811429,N
52148,3,2018-04-15,2,23.466,12.811429,N
26395,3,2018-04-15,1,34.066666,12.811429,N
52148,7,2018-04-22,2,24.742,12.188571,N
139233,7,2018-04-22,2,48.301666,12.188571,N
26395,7,2018-04-22,5,34.668335,12.188571,N
105376,7,2018-04-22,1,57.232,12.188571,N
93507,7,2018-04-22,3,42.893333,12.188571,Y
102769,7,2018-04-22,2,59.71857,12.188571,N
139233,11,2018-04-22,3,48.301666,14.171429,N
105376,11,2018-04-22,4,57.232,14.171429,N
102769,11,2018-04-22,1,59.71857,14.171429,N
26395,11,2018-04-22,4,34.668335,14.171429,N
93507,11,2018-04-22,4,42.893333,14.171429,Y
52148,11,2018-04-22,2,24.742,14.171429,N
105376,3,2018-04-22,4,57.232,19.39,N
52148,3,2018-04-22,5,24.742,19.39,N
102769,3,2018-04-22,1,59.71857,19.39,N
93507,3,2018-04-22,4,42.893333,19.39,Y
139233,3,2018-04-22,4,48.301666,19.39,N
26395,3,2018-04-22,2,34.668335,19.39,N
105376,7,2018-04-29,3,57.668,14.051429,N
102769,7,2018-04-29,5,59.125713,14.051429,N
93507,7,2018-04-29,5,42.833332,14.051429,Y
139233,7,2018-04-29,3,49.14,14.051429,N
26395,7,2018-04-29,1,34.321667,14.051429,N
52148,7,2018-04-29,3,23.792,14.051429,N
102769,11,2018-04-29,3,59.125713,22.45143,N
93507,11,2018-04-29,1,42.833332,22.45143,Y
26395,11,2018-04-29,4,34.321667,22.45143,N
52148,11,2018-04-29,1,23.792,22.45143,N
105376,11,2018-04-29,2,57.668,22.45143,N
139233,11,2018-04-29,4,49.14,22.45143,N
26395,3,2018-04-29,5,34.321667,17.321428,N
105376,3,2018-04-29,5,57.668,17.321428,N
93507,3,2018-04-29,4,42.833332,17.321428,Y
52148,3,2018-04-29,4,23.792,17.321428,N
139233,3,2018-04-29,3,49.14,17.321428,N
102769,3,2018-04-29,2,59.125713,17.321428,N
52148,7,2018-05-06,5,20.262001,15.291429,N
26395,7,2018-05-06,4,30.108334,15.291429,N
93507,7,2018-05-06,4,38.963333,15.291429,Y
139233,7,2018-05-06,2,42.87,15.291429,N
105376,7,2018-05-06,4,49.8,15.291429,N
102769,7,2018-05-06,5,50.05,15.291429,N
93507,11,2018-05-06,1,38.963333,17.694286,Y
26395,11,2018-05-06,5,30.108334,17.694286,N
102769,11,2018-05-06,3,50.05,17.694286,N
105376,11,2018-05-06,4,49.8,17.694286,N
52148,11,2018-05-06,4,20.262001,17.694286,N
139233,11,2018-05-06,5,42.87,17.694286,N
105376,3,2018-05-06,5,49.8,20.99,N
26395,3,2018-05-06,2,30.108334,20.99,N
93507,3,2018-05-06,5,38.963333,20.99,Y
102769,3,2018-05-06,1,50.05,20.99,N
52148,3,2018-05-06,5,20.262001,20.99,N
139233,3,2018-05-06,4,42.87,20.99,N
139233,7,2018-05-13,3,47.948334,14.974286,N
93507,7,2018-05-13,2,41.045,14.974286,Y
105376,7,2018-05-13,4,54.09,14.974286,N
52148,7,2018-05-13,3,20.866,14.974286,N
26395,7,2018-05-13,4,33.188335,14.974286,N
102769,7,2018-05-13,1,56.925713,14.974286,N
93507,11,2018-05-13,4,41.045,19.914286,Y
26395,11,2018-05-13,1,33.188335,19.914286,N
52148,11,2018-05-13,2,20.866,19.914286,N
105376,11,2018-05-13,1,54.09,19.914286,N
139233,11,2018-05-13,4,47.948334,19.914286,N
102769,11,2018-05-13,2,56.925713,19.914286,N
26395,3,2018-05-13,3,33.188335,22.618572,N
52148,3,2018-05-13,5,20.866,22.618572,N
105376,3,2018-05-13,2,54.09,22.618572,N
102769,3,2018-05-13,3,56.925713,22.618572,N
139233,3,2018-05-13,2,47.948334,22.618572,N
93507,3,2018-05-13,2,41.045,22.618572,Y
139233,7,2018-05-20,3,48.105,17.148571,N
102769,7,2018-05-20,1,56.37143,17.148571,N
26395,7,2018-05-20,1,33.67167,17.148571,N
105376,7,2018-05-20,3,55.084,17.148571,N
52148,7,2018-05-20,2,22.28,17.148571,N
93507,7,2018-05-20,3,41.891666,17.148571,Y
26395,11,2018-05-20,1,33.67167,23.742857,N
102769,11,2018-05-20,5,56.37143,23.742857,N
93507,11,2018-05-20,3,41.891666,23.742857,Y
105376,11,2018-05-20,5,55.084,23.742857,N
52148,11,2018-05-20,4,22.28,23.742857,N
139233,11,2018-05-20,1,48.105,23.742857,N
26395,3,2018-05-20,3,33.67167,20.762857,N
52148,3,2018-05-20,1,22.28,20.762857,N
139233,3,2018-05-20,1,48.105,20.762857,N
105376,3,2018-05-20,5,55.084,20.762857,N
102769,3,2018-05-20,2,56.37143,20.762857,N
93507,3,2018-05-20,4,41.891666,20.762857,Y
139233,7,2018-05-27,5,49.426666,18.84,N
26395,7,2018-05-27,2,33.458332,18.84,N
52148,7,2018-05-27,5,24.558,18.84,N
102769,7,2018-05-27,3,48.324287,18.84,N
93507,7,2018-05-27,5,42.760002,18.84,Y
105376,7,2018-05-27,1,46.442,18.84,N
26395,11,2018-05-27,4,33.458332,27.08,N
93507,11,2018-05-27,5,42.760002,27.08,Y
105376,11,2018-05-27,3,46.442,27.08,N
139233,11,2018-05-27,4,49.426666,27.08,N
52148,11,2018-05-27,5,24.558,27.08,N
102769,11,2018-05-27,3,48.324287,27.08,N
26395,3,2018-05-27,4,33.458332,19.011429,N
93507,3,2018-05-27,1,42.760002,19.011429,Y
105376,3,2018-05-27,3,46.442,19.011429,N
139233,3,2018-05-27,5,49.426666,19.011429,N
102769,3,2018-05-27,3,48.324287,19.011429,N
52148,3,2018-05-27,5,24.558,19.011429,N
139233,7,2018-06-03,4,40.701668,13.727143,N
93507,7,2018-06-03,1,42.478333,13.727143,Y
52148,7,2018-06-03,5,19.482,13.727143,N
105376,7,2018-06-03,4,43.198,13.727143,N
102769,7,2018-06-03,2,43.96143,13.727143,N
26395,7,2018-06-03,5,33.513332,13.727143,N
102769,11,2018-06-03,4,43.96143,19.305714,N
52148,11,2018-06-03,5,19.482,19.305714,N
93507,11,2018-06-03,5,42.478333,19.305714,Y
26395,11,2018-06-03,4,33.513332,19.305714,N
139233,11,2018-06-03,1,40.701668,19.305714,N
105376,11,2018-06-03,5,43.198,19.305714,N
52148,3,2018-06-03,5,19.482,17.165714,N
105376,3,2018-06-03,3,43.198,17.165714,N
139233,3,2018-06-03,1,40.701668,17.165714,N
93507,3,2018-06-03,3,42.478333,17.165714,Y
102769,3,2018-06-03,2,43.96143,17.165714,N
26395,3,2018-06-03,1,33.513332,17.165714,N
93507,7,2018-06-10,1,44.55,16.94,Y
105376,7,2018-06-10,4,42.274,16.94,N
139233,7,2018-06-10,2,44.515,16.94,N
102769,7,2018-06-10,1,44.055714,16.94,N
52148,7,2018-06-10,1,19.68,16.94,N
26395,7,2018-06-10,3,33.871666,16.94,N
105376,11,2018-06-10,5,42.274,24.584286,N
26395,11,2018-06-10,2,33.871666,24.584286,N
139233,11,2018-06-10,4,44.515,24.584286,N
93507,11,2018-06-10,5,44.55,24.584286,Y
102769,11,2018-06-10,2,44.055714,24.584286,N
52148,11,2018-06-10,1,19.68,24.584286,N
52148,3,2018-06-10,5,19.68,19.155714,N
139233,3,2018-06-10,4,44.515,19.155714,N
26395,3,2018-06-10,5,33.871666,19.155714,N
93507,3,2018-06-10,3,44.55,19.155714,Y
102769,3,2018-06-10,3,44.055714,19.155714,N
105376,3,2018-06-10,5,42.274,19.155714,N
26395,7,2018-06-17,3,31.948334,18.67,N
105376,7,2018-06-17,4,47.248,18.67,N
139233,7,2018-06-17,2,44.87,18.67,N
93507,7,2018-06-17,5,37.56,18.67,Y
102769,7,2018-06-17,1,49.10857,18.67,N
52148,7,2018-06-17,4,20.738,18.67,N
102769,11,2018-06-17,4,49.10857,24.242857,N
93507,11,2018-06-17,5,37.56,24.242857,Y
139233,11,2018-06-17,2,44.87,24.242857,N
52148,11,2018-06-17,5,20.738,24.242857,N
105376,11,2018-06-17,5,47.248,24.242857,N
26395,11,2018-06-17,1,31.948334,24.242857,N
26395,3,2018-06-17,1,31.948334,24.557142,N
139233,3,2018-06-17,5,44.87,24.557142,N
105376,3,2018-06-17,4,47.248,24.557142,N
102769,3,2018-06-17,1,49.10857,24.557142,N
93507,3,2018-06-17,1,37.56,24.557142,Y
52148,3,2018-06-17,5,20.738,24.557142,N
52148,7,2018-06-24,5,18.33,20.132856,N
139233,7,2018-06-24,2,37.09,20.132856,N
102769,7,2018-06-24,1,57.09714,20.132856,N
26395,7,2018-06-24,5,33.39,20.132856,N
105376,7,2018-06-24,1,56.586,20.132856,N
93507,7,2018-06-24,4,43.60167,20.132856,Y
93507,11,2018-06-24,3,43.60167,25.902857,Y
26395,11,2018-06-24,3,33.39,25.902857,N
52148,11,2018-06-24,5,18.33,25.902857,N
139233,11,2018-06-24,2,37.09,25.902857,N
105376,11,2018-06-24,5,56.586,25.902857,N
102769,11,2018-06-24,4,57.09714,25.902857,N
93507,3,2018-06-24,3,43.60167,19.274286,Y
52148,3,2018-06-24,1,18.33,19.274286,N
139233,3,2018-06-24,3,37.09,19.274286,N
26395,3,2018-06-24,4,33.39,19.274286,N
105376,3,2018-06-24,3,56.586,19.274286,N
102769,3,2018-06-24,2,57.09714,19.274286,N
93507,7,2018-07-01,1,43.906666,26.918571,N
26395,7,2018-07-01,5,34.076668,26.918571,N
52148,7,2018-07-01,5,18.07,26.918571,N
139233,7,2018-07-01,2,37.081665,26.918571,N
105376,7,2018-07-01,4,56.774,26.918571,N
102769,7,2018-07-01,1,57.91,26.918571,N
102769,11,2018-07-01,2,57.91,31.168571,N
52148,11,2018-07-01,1,18.07,31.168571,N
139233,11,2018-07-01,1,37.081665,31.168571,N
105376,11,2018-07-01,5,56.774,31.168571,N
93507,11,2018-07-01,1,43.906666,31.168571,N
26395,11,2018-07-01,3,34.076668,31.168571,N
105376,3,2018-07-01,3,56.774,22.714285,N
52148,3,2018-07-01,3,18.07,22.714285,N
139233,3,2018-07-01,5,37.081665,22.714285,N
26395,3,2018-07-01,2,34.076668,22.714285,N
102769,3,2018-07-01,5,57.91,22.714285,N
93507,3,2018-07-01,4,43.906666,22.714285,N
52148,7,2018-07-08,3,18.303999,22.367144,N
102769,7,2018-07-08,5,59.01857,22.367144,N
139233,7,2018-07-08,2,37.273335,22.367144,N
105376,7,2018-07-08,2,57.278,22.367144,N
26395,7,2018-07-08,3,34.551666,22.367144,N
93507,7,2018-07-08,3,43.415,22.367144,N
102769,11,2018-07-08,1,59.01857,28.58,N
139233,11,2018-07-08,4,37.273335,28.58,N
105376,11,2018-07-08,5,57.278,28.58,N
52148,11,2018-07-08,3,18.303999,28.58,N
93507,11,2018-07-08,3,43.415,28.58,N
26395,11,2018-07-08,2,34.551666,28.58,N
52148,3,2018-07-08,4,18.303999,24.738571,N
139233,3,2018-07-08,5,37.273335,24.738571,N
93507,3,2018-07-08,2,43.415,24.738571,N
102769,3,2018-07-08,2,59.01857,24.738571,N
105376,3,2018-07-08,2,57.278,24.738571,N
26395,3,2018-07-08,5,34.551666,24.738571,N
93507,7,2018-07-15,5,42.993332,22.505714,N
52148,7,2018-07-15,3,22.118,22.505714,N
26395,7,2018-07-15,1,33.393333,22.505714,N
105376,7,2018-07-15,4,55.646,22.505714,N
139233,7,2018-07-15,2,44.248333,22.505714,N
102769,7,2018-07-15,2,56.384285,22.505714,N
93507,11,2018-07-15,2,42.993332,27.497143,N
105376,11,2018-07-15,5,55.646,27.497143,N
26395,11,2018-07-15,4,33.393333,27.497143,N
102769,11,2018-07-15,5,56.384285,27.497143,N
139233,11,2018-07-15,5,44.248333,27.497143,N
52148,11,2018-07-15,1,22.118,27.497143,N
93507,3,2018-07-15,4,42.993332,25.635714,N
52148,3,2018-07-15,5,22.118,25.635714,N
105376,3,2018-07-15,2,55.646,25.635714,N
26395,3,2018-07-15,5,33.393333,25.635714,N
139233,3,2018-07-15,4,44.248333,25.635714,N
102769,3,2018-07-15,3,56.384285,25.635714,N
105376,7,2018-07-22,1,47.118,23.492857,N
139233,7,2018-07-22,3,49.223335,23.492857,N
26395,7,2018-07-22,3,34.108334,23.492857,N
52148,7,2018-07-22,2,23.752,23.492857,N
102769,7,2018-07-22,5,48.397144,23.492857,N
93507,7,2018-07-22,3,43.298332,23.492857,N
52148,11,2018-07-22,2,23.752,26.748571,N
139233,11,2018-07-22,4,49.223335,26.748571,N
105376,11,2018-07-22,3,47.118,26.748571,N
102769,11,2018-07-22,3,48.397144,26.748571,N
26395,11,2018-07-22,2,34.108334,26.748571,N
93507,11,2018-07-22,3,43.298332,26.748571,N
102769,3,2018-07-22,1,48.397144,30.4,N
93507,3,2018-07-22,4,43.298332,30.4,N
26395,3,2018-07-22,2,34.108334,30.4,N
52148,3,2018-07-22,1,23.752,30.4,N
139233,3,2018-07-22,1,49.223335,30.4,N
105376,3,2018-07-22,5,47.118,30.4,N
52148,7,2018-07-29,1,23.355999,26.922857,N
26395,7,2018-07-29,4,31.271667,26.922857,N
139233,7,2018-07-29,5,45.906666,26.922857,N
105376,7,2018-07-29,4,42.81,26.922857,N
102769,7,2018-07-29,3,44.565716,26.922857,N
93507,7,2018-07-29,4,39.79,26.922857,N
26395,11,2018-07-29,3,31.271667,26.998571,N
52148,11,2018-07-29,1,23.355999,26.998571,N
93507,11,2018-07-29,3,39.79,26.998571,N
102769,11,2018-07-29,4,44.565716,26.998571,N
105376,11,2018-07-29,4,42.81,26.998571,N
139233,11,2018-07-29,2,45.906666,26.998571,N
139233,3,2018-07-29,1,45.906666,26.405714,N
26395,3,2018-07-29,5,31.271667,26.405714,N
93507,3,2018-07-29,4,39.79,26.405714,N
105376,3,2018-07-29,2,42.81,26.405714,N
102769,3,2018-07-29,3,44.565716,26.405714,N
52148,3,2018-07-29,5,23.355999,26.405714,N
26395,7,2018-08-05,1,34.530003,25.55857,N
105376,7,2018-08-05,4,43.242,25.55857,N
93507,7,2018-08-05,2,43.256668,25.55857,N
102769,7,2018-08-05,2,44.611427,25.55857,N
52148,7,2018-08-05,5,24.162,25.55857,N
139233,7,2018-08-05,2,48.903336,25.55857,N
52148,11,2018-08-05,2,24.162,28.647142,N
93507,11,2018-08-05,5,43.256668,28.647142,N
139233,11,2018-08-05,4,48.903336,28.647142,N
102769,11,2018-08-05,5,44.611427,28.647142,N
26395,11,2018-08-05,5,34.530003,28.647142,N
105376,11,2018-08-05,2,43.242,28.647142,N
139233,3,2018-08-05,2,48.903336,29.831429,N
105376,3,2018-08-05,2,43.242,29.831429,N
102769,3,2018-08-05,3,44.611427,29.831429,N
93507,3,2018-08-05,5,43.256668,29.831429,N
52148,3,2018-08-05,1,24.162,29.831429,N
26395,3,2018-08-05,5,34.530003,29.831429,N
52148,7,2018-08-12,5,24.642,21.497143,N
105376,7,2018-08-12,4,48.148,21.497143,N
139233,7,2018-08-12,1,49.201668,21.497143,N
26395,7,2018-08-12,3,33.806667,21.497143,N
102769,7,2018-08-12,2,49.548573,21.497143,N
93507,7,2018-08-12,3,42.25,21.497143,N
52148,11,2018-08-12,3,24.642,28.787144,N
105376,11,2018-08-12,4,48.148,28.787144,N
139233,11,2018-08-12,4,49.201668,28.787144,N
26395,11,2018-08-12,5,33.806667,28.787144,N
102769,11,2018-08-12,5,49.548573,28.787144,N
93507,11,2018-08-12,2,42.25,28.787144,N
105376,3,2018-08-12,3,48.148,25.337143,N
102769,3,2018-08-12,5,49.548573,25.337143,N
26395,3,2018-08-12,4,33.806667,25.337143,N
52148,3,2018-08-12,5,24.642,25.337143,N
93507,3,2018-08-12,1,42.25,25.337143,N
139233,3,2018-08-12,2,49.201668,25.337143,N
139233,7,2018-08-19,3,49.36,22.242857,N
93507,7,2018-08-19,3,44.256668,22.242857,N
105376,7,2018-08-19,1,56.888,22.242857,N
102769,7,2018-08-19,2,56.375713,22.242857,N
26395,7,2018-08-19,2,34.711666,22.242857,N
52148,7,2018-08-19,2,22.374,22.242857,N
105376,11,2018-08-19,5,56.888,24.642857,N
102769,11,2018-08-19,5,56.375713,24.642857,N
26395,11,2018-08-19,4,34.711666,24.642857,N
139233,11,2018-08-19,3,49.36,24.642857,N
52148,11,2018-08-19,4,22.374,24.642857,N
93507,11,2018-08-19,1,44.256668,24.642857,N
139233,3,2018-08-19,2,49.36,24.258572,N
26395,3,2018-08-19,2,34.711666,24.258572,N
102769,3,2018-08-19,3,56.375713,24.258572,N
105376,3,2018-08-19,2,56.888,24.258572,N
52148,3,2018-08-19,4,22.374,24.258572,N
93507,3,2018-08-19,1,44.256668,24.258572,N
52148,7,2018-08-26,3,23.9,24.655714,N
105376,7,2018-08-26,1,53.054,24.655714,N
139233,7,2018-08-26,2,48.625,24.655714,N
26395,7,2018-08-26,4,32.978333,24.655714,N
102769,7,2018-08-26,4,58.05857,24.655714,N
93507,7,2018-08-26,5,42.493332,24.655714,N
139233,11,2018-08-26,1,48.625,27.977142,N
26395,11,2018-08-26,4,32.978333,27.977142,N
105376,11,2018-08-26,2,53.054,27.977142,N
93507,11,2018-08-26,4,42.493332,27.977142,N
52148,11,2018-08-26,3,23.9,27.977142,N
102769,11,2018-08-26,1,58.05857,27.977142,N
26395,3,2018-08-26,5,32.978333,21.762857,N
139233,3,2018-08-26,4,48.625,21.762857,N
102769,3,2018-08-26,3,58.05857,21.762857,N
105376,3,2018-08-26,4,53.054,21.762857,N
52148,3,2018-08-26,1,23.9,21.762857,N
93507,3,2018-08-26,5,42.493332,21.762857,N
52148,7,2018-09-02,2,23.072,22.92,N
26395,7,2018-09-02,2,33.315002,22.92,N
139233,7,2018-09-02,5,47.956665,22.92,N
102769,7,2018-09-02,5,57.76,22.92,N
93507,7,2018-09-02,5,42.403336,22.92,N
105376,7,2018-09-02,4,53.884,22.92,N
139233,11,2018-09-02,4,47.956665,27.744286,N
93507,11,2018-09-02,1,42.403336,27.744286,N
105376,11,2018-09-02,2,53.884,27.744286,N
102769,11,2018-09-02,5,57.76,27.744286,N
26395,11,2018-09-02,3,33.315002,27.744286,N
52148,11,2018-09-02,4,23.072,27.744286,N
102769,3,2018-09-02,3,57.76,24.09,N
52148,3,2018-09-02,3,23.072,24.09,N
139233,3,2018-09-02,3,47.956665,24.09,N
26395,3,2018-09-02,2,33.315002,24.09,N
105376,3,2018-09-02,2,53.884,24.09,N
93507,3,2018-09-02,5,42.403336,24.09,N
52148,7,2018-09-09,2,19.086,20.912857,N
102769,7,2018-09-09,2,52.12143,20.912857,N
139233,7,2018-09-09,5,46.273335,20.912857,N
105376,7,2018-09-09,4,47.856,20.912857,N
26395,7,2018-09-09,5,28.821667,20.912857,N
93507,7,2018-09-09,1,29.358334,20.912857,N
93507,11,2018-09-09,2,29.358334,22.474285,N
139233,11,2018-09-09,1,46.273335,22.474285,N
26395,11,2018-09-09,3,28.821667,22.474285,N
102769,11,2018-09-09,4,52.12143,22.474285,N
52148,11,2018-09-09,2,19.086,22.474285,N
105376,11,2018-09-09,4,47.856,22.474285,N
93507,3,2018-09-09,4,29.358334,17.215714,N
139233,3,2018-09-09,4,46.273335,17.215714,N
105376,3,2018-09-09,5,47.856,17.215714,N
102769,3,2018-09-09,4,52.12143,17.215714,N
26395,3,2018-09-09,5,28.821667,17.215714,N
52148,3,2018-09-09,2,19.086,17.215714,N
26395,7,2018-09-16,3,32.420002,20.358572,N
105376,7,2018-09-16,5,52.184,20.358572,N
93507,7,2018-09-16,5,38.926666,20.358572,N
102769,7,2018-09-16,5,55.254288,20.358572,N
139233,7,2018-09-16,2,46.145,20.358572,N
52148,7,2018-09-16,2,23.592001,20.358572,N
105376,11,2018-09-16,2,52.184,24.615715,N
93507,11,2018-09-16,4,38.926666,24.615715,N
52148,11,2018-09-16,3,23.592001,24.615715,N
102769,11,2018-09-16,2,55.254288,24.615715,N
26395,11,2018-09-16,4,32.420002,24.615715,N
139233,11,2018-09-16,5,46.145,24.615715,N
102769,3,2018-09-16,3,55.254288,16.891428,N
52148,3,2018-09-16,1,23.592001,16.891428,N
139233,3,2018-09-16,3,46.145,16.891428,N
93507,3,2018-09-16,3,38.926666,16.891428,N
105376,3,2018-09-16,2,52.184,16.891428,N
26395,3,2018-09-16,4,32.420002,16.891428,N
52148,7,2018-09-23,3,22.656,17.255714,N
93507,7,2018-09-23,5,42.806667,17.255714,N
105376,7,2018-09-23,2,48.34,17.255714,N
26395,7,2018-09-23,3,34.321667,17.255714,N
139233,7,2018-09-23,4,49.238335,17.255714,N
102769,7,2018-09-23,4,57.89143,17.255714,N
139233,11,2018-09-23,4,49.238335,19.46,N
102769,11,2018-09-23,1,57.89143,19.46,N
105376,11,2018-09-23,5,48.34,19.46,N
26395,11,2018-09-23,3,34.321667,19.46,N
52148,11,2018-09-23,2,22.656,19.46,N
93507,11,2018-09-23,2,42.806667,19.46,N
139233,3,2018-09-23,5,49.238335,19.675714,N
26395,3,2018-09-23,1,34.321667,19.675714,N
105376,3,2018-09-23,4,48.34,19.675714,N
52148,3,2018-09-23,3,22.656,19.675714,N
102769,3,2018-09-23,4,57.89143,19.675714,N
93507,3,2018-09-23,3,42.806667,19.675714,N
52148,7,2018-09-30,2,22.754,15.4328575,N
139233,7,2018-09-30,3,49.291668,15.4328575,N
26395,7,2018-09-30,4,34.18,15.4328575,N
102769,7,2018-09-30,1,59.18143,15.4328575,N
93507,7,2018-09-30,2,43.548332,15.4328575,N
105376,7,2018-09-30,1,58,15.4328575,N
26395,11,2018-09-30,5,34.18,14.451428,N
105376,11,2018-09-30,4,58,14.451428,N
93507,11,2018-09-30,4,43.548332,14.451428,N
139233,11,2018-09-30,2,49.291668,14.451428,N
102769,11,2018-09-30,1,59.18143,14.451428,N
52148,11,2018-09-30,3,22.754,14.451428,N
102769,3,2018-09-30,2,59.18143,13.977143,N
105376,3,2018-09-30,1,58,13.977143,N
139233,3,2018-09-30,4,49.291668,13.977143,N
52148,3,2018-09-30,3,22.754,13.977143,N
93507,3,2018-09-30,3,43.548332,13.977143,N
26395,3,2018-09-30,3,34.18,13.977143,N
26395,7,2018-10-07,2,34.648335,14.045714,N
105376,7,2018-10-07,4,56.657997,14.045714,N
102769,7,2018-10-07,4,58.087143,14.045714,N
52148,7,2018-10-07,5,24.418,14.045714,N
139233,7,2018-10-07,4,48.86667,14.045714,N
93507,7,2018-10-07,5,43.938335,14.045714,N
139233,11,2018-10-07,1,48.86667,17.398571,N
52148,11,2018-10-07,5,24.418,17.398571,N
93507,11,2018-10-07,2,43.938335,17.398571,N
102769,11,2018-10-07,5,58.087143,17.398571,N
105376,11,2018-10-07,4,56.657997,17.398571,N
26395,11,2018-10-07,2,34.648335,17.398571,N
102769,3,2018-10-07,1,58.087143,15.447143,N
26395,3,2018-10-07,4,34.648335,15.447143,N
105376,3,2018-10-07,1,56.657997,15.447143,N
93507,3,2018-10-07,2,43.938335,15.447143,N
52148,3,2018-10-07,5,24.418,15.447143,N
139233,3,2018-10-07,1,48.86667,15.447143,N
102769,7,2018-10-14,2,59.67857,10.512857,N
93507,7,2018-10-14,5,37.241665,10.512857,N
105376,7,2018-10-14,1,54.788002,10.512857,N
26395,7,2018-10-14,1,33.631668,10.512857,N
52148,7,2018-10-14,5,24.99,10.512857,N
139233,7,2018-10-14,1,49.023335,10.512857,N
102769,11,2018-10-14,1,59.67857,10.888572,N
105376,11,2018-10-14,1,54.788002,10.888572,N
93507,11,2018-10-14,1,37.241665,10.888572,N
52148,11,2018-10-14,1,24.99,10.888572,N
26395,11,2018-10-14,5,33.631668,10.888572,N
139233,11,2018-10-14,5,49.023335,10.888572,N
102769,3,2018-10-14,2,59.67857,19.008572,N
26395,3,2018-10-14,5,33.631668,19.008572,N
52148,3,2018-10-14,3,24.99,19.008572,N
105376,3,2018-10-14,3,54.788002,19.008572,N
93507,3,2018-10-14,1,37.241665,19.008572,N
139233,3,2018-10-14,2,49.023335,19.008572,N
105376,7,2018-10-21,4,47.188,8.082857,N
52148,7,2018-10-21,3,24.428,8.082857,N
102769,7,2018-10-21,4,58.482857,8.082857,N
139233,7,2018-10-21,2,48.853333,8.082857,N
93507,7,2018-10-21,2,40.993332,8.082857,N
26395,7,2018-10-21,4,32.588333,8.082857,N
52148,11,2018-10-21,5,24.428,4.8442855,N
26395,11,2018-10-21,5,32.588333,4.8442855,N
93507,11,2018-10-21,1,40.993332,4.8442855,N
105376,11,2018-10-21,1,47.188,4.8442855,N
102769,11,2018-10-21,2,58.482857,4.8442855,N
139233,11,2018-10-21,3,48.853333,4.8442855,N
139233,3,2018-10-21,5,48.853333,15.68,N
52148,3,2018-10-21,2,24.428,15.68,N
105376,3,2018-10-21,2,47.188,15.68,N
93507,3,2018-10-21,3,40.993332,15.68,N
102769,3,2018-10-21,3,58.482857,15.68,N
26395,3,2018-10-21,2,32.588333,15.68,N
52148,7,2018-10-28,5,21.354,13.294286,N
26395,7,2018-10-28,3,32.941666,13.294286,N
105376,7,2018-10-28,3,51.48,13.294286,N
102769,7,2018-10-28,5,56.22,13.294286,N
139233,7,2018-10-28,4,48.09667,13.294286,N
93507,7,2018-10-28,5,32.96,13.294286,N
105376,11,2018-10-28,1,51.48,7.051429,N
102769,11,2018-10-28,4,56.22,7.051429,N
139233,11,2018-10-28,4,48.09667,7.051429,N
52148,11,2018-10-28,5,21.354,7.051429,N
26395,11,2018-10-28,4,32.941666,7.051429,N
93507,11,2018-10-28,1,32.96,7.051429,N
26395,3,2018-10-28,2,32.941666,12.95,N
105376,3,2018-10-28,2,51.48,12.95,N
139233,3,2018-10-28,3,48.09667,12.95,N
93507,3,2018-10-28,4,32.96,12.95,N
52148,3,2018-10-28,2,21.354,12.95,N
102769,3,2018-10-28,1,56.22,12.95,N
52148,7,2018-11-04,1,21.894001,9.164286,N
139233,7,2018-11-04,3,47.498333,9.164286,N
105376,7,2018-11-04,5,51.924,9.164286,N
26395,7,2018-11-04,5,30.37,9.164286,N
93507,7,2018-11-04,4,37.525,9.164286,N
102769,7,2018-11-04,2,55.262856,9.164286,N
105376,11,2018-11-04,1,51.924,4.6842856,N
26395,11,2018-11-04,1,30.37,4.6842856,N
52148,11,2018-11-04,4,21.894001,4.6842856,N
139233,11,2018-11-04,3,47.498333,4.6842856,N
93507,11,2018-11-04,2,37.525,4.6842856,N
102769,11,2018-11-04,2,55.262856,4.6842856,N
26395,3,2018-11-04,3,30.37,11.32,N
52148,3,2018-11-04,4,21.894001,11.32,N
139233,3,2018-11-04,4,47.498333,11.32,N
105376,3,2018-11-04,1,51.924,11.32,N
102769,3,2018-11-04,5,55.262856,11.32,N
93507,3,2018-11-04,2,37.525,11.32,N
52148,7,2018-11-11,3,22.246,-0.24,N
102769,7,2018-11-11,3,55.495716,-0.24,N
93507,7,2018-11-11,3,36.048332,-0.24,N
139233,7,2018-11-11,5,48.423332,-0.24,N
26395,7,2018-11-11,3,31.721666,-0.24,N
105376,7,2018-11-11,5,57.168,-0.24,N
105376,11,2018-11-11,3,57.168,-0.97571427,N
102769,11,2018-11-11,2,55.495716,-0.97571427,N
52148,11,2018-11-11,3,22.246,-0.97571427,N
139233,11,2018-11-11,5,48.423332,-0.97571427,N
26395,11,2018-11-11,1,31.721666,-0.97571427,N
93507,11,2018-11-11,5,36.048332,-0.97571427,N
26395,3,2018-11-11,3,31.721666,10.735714,N
139233,3,2018-11-11,1,48.423332,10.735714,N
93507,3,2018-11-11,2,36.048332,10.735714,N
102769,3,2018-11-11,5,55.495716,10.735714,N
105376,3,2018-11-11,5,57.168,10.735714,N
52148,3,2018-11-11,4,22.246,10.735714,N
93507,7,2018-11-18,1,42.27,-2.38,N
26395,7,2018-11-18,1,34.185,-2.38,N
52148,7,2018-11-18,5,24.838,-2.38,N
105376,7,2018-11-18,5,46.934002,-2.38,N
102769,7,2018-11-18,4,46.602856,-2.38,N
139233,7,2018-11-18,2,48.448334,-2.38,N
102769,11,2018-11-18,1,46.602856,-1.7714286,N
52148,11,2018-11-18,2,24.838,-1.7714286,N
139233,11,2018-11-18,4,48.448334,-1.7714286,N
26395,11,2018-11-18,5,34.185,-1.7714286,N
105376,11,2018-11-18,2,46.934002,-1.7714286,N
93507,11,2018-11-18,5,42.27,-1.7714286,N
105376,3,2018-11-18,5,46.934002,9.334286,N
93507,3,2018-11-18,2,42.27,9.334286,N
26395,3,2018-11-18,5,34.185,9.334286,N
52148,3,2018-11-18,4,24.838,9.334286,N
102769,3,2018-11-18,2,46.602856,9.334286,N
139233,3,2018-11-18,4,48.448334,9.334286,N
52148,7,2018-11-25,5,21.42,3.6242857,N
93507,7,2018-11-25,1,40.918335,3.6242857,N
26395,7,2018-11-25,2,33.85,3.6242857,N
102769,7,2018-11-25,5,43.44143,3.6242857,N
139233,7,2018-11-25,3,46.75,3.6242857,N
105376,7,2018-11-25,3,43.3,3.6242857,N
102769,11,2018-11-25,5,43.44143,0.8485714,N
139233,11,2018-11-25,2,46.75,0.8485714,N
93507,11,2018-11-25,3,40.918335,0.8485714,N
52148,11,2018-11-25,3,21.42,0.8485714,N
105376,11,2018-11-25,3,43.3,0.8485714,N
26395,11,2018-11-25,1,33.85,0.8485714,N
105376,3,2018-11-25,1,43.3,9.958571,N
26395,3,2018-11-25,3,33.85,9.958571,N
52148,3,2018-11-25,2,21.42,9.958571,N
139233,3,2018-11-25,4,46.75,9.958571,N
102769,3,2018-11-25,4,43.44143,9.958571,N
93507,3,2018-11-25,1,40.918335,9.958571,N
105376,7,2018-12-02,1,39.836,-0.5814286,N
139233,7,2018-12-02,2,44.021667,-0.5814286,N
26395,7,2018-12-02,3,28.880001,-0.5814286,N
52148,7,2018-12-02,3,12.7439995,-0.5814286,N
102769,7,2018-12-02,3,40.041428,-0.5814286,N
93507,7,2018-12-02,3,29.511665,-0.5814286,N
52148,11,2018-12-02,2,12.7439995,-0.15857142,N
139233,11,2018-12-02,2,44.021667,-0.15857142,N
26395,11,2018-12-02,1,28.880001,-0.15857142,N
105376,11,2018-12-02,2,39.836,-0.15857142,N
93507,11,2018-12-02,4,29.511665,-0.15857142,N
102769,11,2018-12-02,4,40.041428,-0.15857142,N
102769,3,2018-12-02,1,40.041428,5.3471427,N
139233,3,2018-12-02,3,44.021667,5.3471427,N
26395,3,2018-12-02,2,28.880001,5.3471427,N
93507,3,2018-12-02,4,29.511665,5.3471427,N
52148,3,2018-12-02,1,12.7439995,5.3471427,N
105376,3,2018-12-02,3,39.836,5.3471427,N
26395,7,2018-12-09,4,32.833336,-4.6085715,N
93507,7,2018-12-09,3,42.5,-4.6085715,N
102769,7,2018-12-09,3,57.41143,-4.6085715,N
139233,7,2018-12-09,2,47.53,-4.6085715,N
105376,7,2018-12-09,4,54.928,-4.6085715,N
52148,7,2018-12-09,1,20.69,-4.6085715,N
52148,11,2018-12-09,2,20.69,-0.7814286,N
105376,11,2018-12-09,1,54.928,-0.7814286,N
139233,11,2018-12-09,3,47.53,-0.7814286,N
26395,11,2018-12-09,1,32.833336,-0.7814286,N
93507,11,2018-12-09,3,42.5,-0.7814286,N
102769,11,2018-12-09,2,57.41143,-0.7814286,N
52148,3,2018-12-09,3,20.69,7.38,N
105376,3,2018-12-09,3,54.928,7.38,N
102769,3,2018-12-09,2,57.41143,7.38,N
26395,3,2018-12-09,5,32.833336,7.38,N
139233,3,2018-12-09,5,47.53,7.38,N
93507,3,2018-12-09,2,42.5,7.38,N
105376,7,2018-12-16,2,44.998,0.30857143,N
52148,7,2018-12-16,4,22.582,0.30857143,N
26395,7,2018-12-16,4,32.88333,0.30857143,N
102769,7,2018-12-16,5,45.782856,0.30857143,N
93507,7,2018-12-16,5,40.941666,0.30857143,N
139233,7,2018-12-16,1,47.190002,0.30857143,N
102769,11,2018-12-16,5,45.782856,0.4557143,N
139233,11,2018-12-16,3,47.190002,0.4557143,N
105376,11,2018-12-16,5,44.998,0.4557143,N
93507,11,2018-12-16,4,40.941666,0.4557143,N
52148,11,2018-12-16,1,22.582,0.4557143,N
26395,11,2018-12-16,2,32.88333,0.4557143,N
93507,3,2018-12-16,1,40.941666,8.692857,N
26395,3,2018-12-16,1,32.88333,8.692857,N
52148,3,2018-12-16,2,22.582,8.692857,N
105376,3,2018-12-16,4,44.998,8.692857,N
102769,3,2018-12-16,3,45.782856,8.692857,N
139233,3,2018-12-16,3,47.190002,8.692857,N
139233,7,2018-12-23,1,40.591667,-5.82,N
102769,7,2018-12-23,2,43.9,-5.82,N
93507,7,2018-12-23,4,35.82,-5.82,N
105376,7,2018-12-23,4,43.416,-5.82,N
26395,7,2018-12-23,3,28.046667,-5.82,N
52148,7,2018-12-23,4,19.578,-5.82,N
102769,11,2018-12-23,3,43.9,-0.56142855,N
105376,11,2018-12-23,1,43.416,-0.56142855,N
52148,11,2018-12-23,3,19.578,-0.56142855,N
93507,11,2018-12-23,1,35.82,-0.56142855,N
26395,11,2018-12-23,5,28.046667,-0.56142855,N
139233,11,2018-12-23,4,40.591667,-0.56142855,N
52148,3,2018-12-23,1,19.578,4.9542856,N
26395,3,2018-12-23,3,28.046667,4.9542856,N
105376,3,2018-12-23,5,43.416,4.9542856,N
139233,3,2018-12-23,4,40.591667,4.9542856,N
93507,3,2018-12-23,2,35.82,4.9542856,N
102769,3,2018-12-23,2,43.9,4.9542856,N
139233,7,2018-12-30,2,47.208332,-3.4357142,N
93507,7,2018-12-30,3,40.565,-3.4357142,N
26395,7,2018-12-30,2,31.016666,-3.4357142,N
102769,7,2018-12-30,1,51.64,-3.4357142,N
105376,7,2018-12-30,3,47.702,-3.4357142,N
52148,7,2018-12-30,3,21.678,-3.4357142,N
139233,11,2018-12-30,3,47.208332,-0.84,N
105376,11,2018-12-30,4,47.702,-0.84,N
102769,11,2018-12-30,4,51.64,-0.84,N
52148,11,2018-12-30,3,21.678,-0.84,N
26395,11,2018-12-30,3,31.016666,-0.84,N
93507,11,2018-12-30,2,40.565,-0.84,N
93507,3,2018-12-30,2,40.565,7.1814284,N
26395,3,2018-12-30,2,31.016666,7.1814284,N
52148,3,2018-12-30,5,21.678,7.1814284,N
102769,3,2018-12-30,3,51.64,7.1814284,N
139233,3,2018-12-30,1,47.208332,7.1814284,N
105376,3,2018-12-30,5,47.702,7.1814284,N
105376,7,2019-01-06,5,50.364002,-5.5,N
93507,7,2019-01-06,4,37.31,-5.5,N
139233,7,2019-01-06,4,48.336666,-5.5,N
26395,7,2019-01-06,1,32.211666,-5.5,N
102769,7,2019-01-06,3,56.72286,-5.5,N
52148,7,2019-01-06,4,23.584,-5.5,N
105376,11,2019-01-06,2,50.364002,-4.928571,N
93507,11,2019-01-06,2,37.31,-4.928571,N
139233,11,2019-01-06,5,48.336666,-4.928571,N
52148,11,2019-01-06,2,23.584,-4.928571,N
26395,11,2019-01-06,1,32.211666,-4.928571,N
102769,11,2019-01-06,2,56.72286,-4.928571,N
105376,3,2019-01-06,4,50.364002,7.7485714,N
102769,3,2019-01-06,2,56.72286,7.7485714,N
93507,3,2019-01-06,1,37.31,7.7485714,N
52148,3,2019-01-06,4,23.584,7.7485714,N
139233,3,2019-01-06,4,48.336666,7.7485714,N
26395,3,2019-01-06,5,32.211666,7.7485714,N
139233,7,2019-01-13,5,42.94,-8.041429,N
105376,7,2019-01-13,1,47.530003,-8.041429,N
102769,7,2019-01-13,2,52.65286,-8.041429,N
93507,7,2019-01-13,4,36.163334,-8.041429,N
26395,7,2019-01-13,4,30.276667,-8.041429,N
52148,7,2019-01-13,4,19.963999,-8.041429,N
26395,11,2019-01-13,3,30.276667,-7.227143,N
93507,11,2019-01-13,5,36.163334,-7.227143,N
102769,11,2019-01-13,3,52.65286,-7.227143,N
105376,11,2019-01-13,5,47.530003,-7.227143,N
139233,11,2019-01-13,4,42.94,-7.227143,N
52148,11,2019-01-13,2,19.963999,-7.227143,N
52148,3,2019-01-13,4,19.963999,8.284286,N
139233,3,2019-01-13,5,42.94,8.284286,N
105376,3,2019-01-13,1,47.530003,8.284286,N
93507,3,2019-01-13,1,36.163334,8.284286,N
26395,3,2019-01-13,2,30.276667,8.284286,N
102769,3,2019-01-13,2,52.65286,8.284286,N
26395,7,2019-01-20,5,31.881666,-2.8785715,N
139233,7,2019-01-20,5,46.568333,-2.8785715,N
105376,7,2019-01-20,2,51.974003,-2.8785715,N
52148,7,2019-01-20,3,23.73,-2.8785715,N
102769,7,2019-01-20,5,54.99143,-2.8785715,N
93507,7,2019-01-20,2,38.665,-2.8785715,N
139233,11,2019-01-20,2,46.568333,-11.015715,N
105376,11,2019-01-20,1,51.974003,-11.015715,N
26395,11,2019-01-20,1,31.881666,-11.015715,N
52148,11,2019-01-20,3,23.73,-11.015715,N
93507,11,2019-01-20,2,38.665,-11.015715,N
102769,11,2019-01-20,4,54.99143,-11.015715,N
93507,3,2019-01-20,3,38.665,6.8071427,N
26395,3,2019-01-20,1,31.881666,6.8071427,N
139233,3,2019-01-20,5,46.568333,6.8071427,N
102769,3,2019-01-20,5,54.99143,6.8071427,N
105376,3,2019-01-20,1,51.974003,6.8071427,N
52148,3,2019-01-20,2,23.73,6.8071427,N
105376,7,2019-01-27,5,56.197998,-4.86,N
93507,7,2019-01-27,2,39.506668,-4.86,N
102769,7,2019-01-27,3,57.50857,-4.86,N
26395,7,2019-01-27,5,32.18,-4.86,N
139233,7,2019-01-27,4,47.595,-4.86,N
52148,7,2019-01-27,4,23.304,-4.86,N
26395,11,2019-01-27,1,32.18,-15.42,N
93507,11,2019-01-27,3,39.506668,-15.42,N
52148,11,2019-01-27,5,23.304,-15.42,N
102769,11,2019-01-27,4,57.50857,-15.42,N
139233,11,2019-01-27,5,47.595,-15.42,N
105376,11,2019-01-27,2,56.197998,-15.42,N
102769,3,2019-01-27,3,57.50857,7.9614286,N
93507,3,2019-01-27,3,39.506668,7.9614286,N
52148,3,2019-01-27,1,23.304,7.9614286,N
105376,3,2019-01-27,4,56.197998,7.9614286,N
139233,3,2019-01-27,3,47.595,7.9614286,N
26395,3,2019-01-27,4,32.18,7.9614286,N
139233,7,2019-02-03,2,47.441666,-1.1385714,N
102769,7,2019-02-03,2,57.782856,-1.1385714,N
52148,7,2019-02-03,4,17.868,-1.1385714,N
93507,7,2019-02-03,3,42.273335,-1.1385714,N
26395,7,2019-02-03,5,33.7,-1.1385714,N
105376,7,2019-02-03,1,55.815998,-1.1385714,N
52148,11,2019-02-03,2,17.868,-0.6185714,N
105376,11,2019-02-03,3,55.815998,-0.6185714,N
139233,11,2019-02-03,5,47.441666,-0.6185714,N
102769,11,2019-02-03,3,57.782856,-0.6185714,N
26395,11,2019-02-03,5,33.7,-0.6185714,N
93507,11,2019-02-03,1,42.273335,-0.6185714,N
105376,3,2019-02-03,4,55.815998,-0.092857145,N
139233,3,2019-02-03,5,47.441666,-0.092857145,N
26395,3,2019-02-03,4,33.7,-0.092857145,N
102769,3,2019-02-03,1,57.782856,-0.092857145,N
93507,3,2019-02-03,5,42.273335,-0.092857145,N
52148,3,2019-02-03,4,17.868,-0.092857145,N
139233,7,2019-02-10,3,46.588333,-3.1771429,N
102769,7,2019-02-10,3,57.525715,-3.1771429,N
26395,7,2019-02-10,4,32.413334,-3.1771429,N
52148,7,2019-02-10,2,21.788,-3.1771429,N
105376,7,2019-02-10,2,55.670002,-3.1771429,N
93507,7,2019-02-10,4,41.513332,-3.1771429,N
102769,11,2019-02-10,2,57.525715,-4.6314287,N
139233,11,2019-02-10,2,46.588333,-4.6314287,N
93507,11,2019-02-10,1,41.513332,-4.6314287,N
52148,11,2019-02-10,5,21.788,-4.6314287,N
26395,11,2019-02-10,3,32.413334,-4.6314287,N
105376,11,2019-02-10,3,55.670002,-4.6314287,N
102769,3,2019-02-10,1,57.525715,-0.08571429,N
105376,3,2019-02-10,1,55.670002,-0.08571429,N
52148,3,2019-02-10,3,21.788,-0.08571429,N
139233,3,2019-02-10,3,46.588333,-0.08571429,N
93507,3,2019-02-10,5,41.513332,-0.08571429,N
26395,3,2019-02-10,2,32.413334,-0.08571429,N
93507,7,2019-02-17,1,41.255,-8.498571,N
52148,7,2019-02-17,1,22.57,-8.498571,N
26395,7,2019-02-17,4,34.033333,-8.498571,N
105376,7,2019-02-17,3,55.342,-8.498571,N
102769,7,2019-02-17,4,58.44,-8.498571,N
139233,7,2019-02-17,1,47.893333,-8.498571,N
93507,11,2019-02-17,5,41.255,-5.3085713,N
52148,11,2019-02-17,4,22.57,-5.3085713,N
139233,11,2019-02-17,1,47.893333,-5.3085713,N
102769,11,2019-02-17,4,58.44,-5.3085713,N
105376,11,2019-02-17,5,55.342,-5.3085713,N
26395,11,2019-02-17,3,34.033333,-5.3085713,N
93507,3,2019-02-17,3,41.255,4.944286,N
52148,3,2019-02-17,1,22.57,4.944286,N
102769,3,2019-02-17,1,58.44,4.944286,N
26395,3,2019-02-17,3,34.033333,4.944286,N
105376,3,2019-02-17,3,55.342,4.944286,N
139233,3,2019-02-17,1,47.893333,4.944286,N
26395,7,2019-02-24,5,31.811666,-7.9914284,N
93507,7,2019-02-24,3,37.578335,-7.9914284,N
139233,7,2019-02-24,5,47.138332,-7.9914284,N
105376,7,2019-02-24,2,53.376,-7.9914284,N
102769,7,2019-02-24,3,57.16143,-7.9914284,N
52148,7,2019-02-24,3,18.8,-7.9914284,N
26395,11,2019-02-24,3,31.811666,-6.635714,N
105376,11,2019-02-24,1,53.376,-6.635714,N
102769,11,2019-02-24,2,57.16143,-6.635714,N
52148,11,2019-02-24,3,18.8,-6.635714,N
139233,11,2019-02-24,1,47.138332,-6.635714,N
93507,11,2019-02-24,1,37.578335,-6.635714,N
52148,3,2019-02-24,1,18.8,4.8885713,N
105376,3,2019-02-24,5,53.376,4.8885713,N
102769,3,2019-02-24,4,57.16143,4.8885713,N
26395,3,2019-02-24,2,31.811666,4.8885713,N
139233,3,2019-02-24,2,47.138332,4.8885713,N
93507,3,2019-02-24,2,37.578335,4.8885713,N
139233,7,2019-03-03,5,44.816666,-4.78,N
52148,7,2019-03-03,5,18.892,-4.78,N
26395,7,2019-03-03,3,31.501667,-4.78,N
105376,7,2019-03-03,2,49.994,-4.78,N
102769,7,2019-03-03,5,51.29286,-4.78,N
93507,7,2019-03-03,3,37.001667,-4.78,N
139233,11,2019-03-03,1,44.816666,-10.205714,N
93507,11,2019-03-03,1,37.001667,-10.205714,N
52148,11,2019-03-03,4,18.892,-10.205714,N
26395,11,2019-03-03,3,31.501667,-10.205714,N
105376,11,2019-03-03,4,49.994,-10.205714,N
102769,11,2019-03-03,3,51.29286,-10.205714,N
26395,3,2019-03-03,2,31.501667,5.7514286,N
52148,3,2019-03-03,1,18.892,5.7514286,N
93507,3,2019-03-03,3,37.001667,5.7514286,N
139233,3,2019-03-03,4,44.816666,5.7514286,N
102769,3,2019-03-03,2,51.29286,5.7514286,N
105376,3,2019-03-03,4,49.994,5.7514286,N
52148,7,2019-03-10,3,14.248,1.4571428,N
26395,7,2019-03-10,4,29.283333,1.4571428,N
139233,7,2019-03-10,1,43.22,1.4571428,N
105376,7,2019-03-10,3,54.404,1.4571428,N
93507,7,2019-03-10,2,34.071667,1.4571428,N
102769,7,2019-03-10,4,52.352856,1.4571428,N
52148,11,2019-03-10,3,14.248,0.45,N
102769,11,2019-03-10,2,52.352856,0.45,N
26395,11,2019-03-10,4,29.283333,0.45,N
93507,11,2019-03-10,2,34.071667,0.45,N
139233,11,2019-03-10,4,43.22,0.45,N
105376,11,2019-03-10,1,54.404,0.45,N
93507,3,2019-03-10,2,34.071667,10.36,N
139233,3,2019-03-10,2,43.22,10.36,N
102769,3,2019-03-10,1,52.352856,10.36,N
52148,3,2019-03-10,5,14.248,10.36,N
105376,3,2019-03-10,4,54.404,10.36,N
26395,3,2019-03-10,3,29.283333,10.36,N
105376,7,2019-03-17,4,55.034,0.3857143,N
26395,7,2019-03-17,4,32.79,0.3857143,N
93507,7,2019-03-17,1,41.216667,0.3857143,N
139233,7,2019-03-17,4,47.186665,0.3857143,N
102769,7,2019-03-17,5,55.03143,0.3857143,N
52148,7,2019-03-17,4,22.006,0.3857143,N
105376,11,2019-03-17,3,55.034,2.3614285,N
26395,11,2019-03-17,1,32.79,2.3614285,N
93507,11,2019-03-17,5,41.216667,2.3614285,N
52148,11,2019-03-17,5,22.006,2.3614285,N
139233,11,2019-03-17,1,47.186665,2.3614285,N
102769,11,2019-03-17,5,55.03143,2.3614285,N
52148,3,2019-03-17,4,22.006,19.847143,N
105376,3,2019-03-17,1,55.034,19.847143,N
139233,3,2019-03-17,1,47.186665,19.847143,N
26395,3,2019-03-17,5,32.79,19.847143,N
102769,3,2019-03-17,2,55.03143,19.847143,N
93507,3,2019-03-17,1,41.216667,19.847143,N
26395,7,2019-03-24,5,31.880001,0.7014286,N
105376,7,2019-03-24,4,52.836,0.7014286,N
93507,7,2019-03-24,2,40.205,0.7014286,N
139233,7,2019-03-24,3,48.428333,0.7014286,N
52148,7,2019-03-24,2,17.112,0.7014286,N
102769,7,2019-03-24,5,53.84714,0.7014286,N
102769,11,2019-03-24,3,53.84714,5.7914286,N
26395,11,2019-03-24,5,31.880001,5.7914286,N
93507,11,2019-03-24,4,40.205,5.7914286,N
139233,11,2019-03-24,2,48.428333,5.7914286,N
52148,11,2019-03-24,4,17.112,5.7914286,N
105376,11,2019-03-24,2,52.836,5.7914286,N
102769,3,2019-03-24,4,53.84714,16.492857,N
93507,3,2019-03-24,1,40.205,16.492857,N
139233,3,2019-03-24,4,48.428333,16.492857,N
105376,3,2019-03-24,4,52.836,16.492857,N
52148,3,2019-03-24,1,17.112,16.492857,N
26395,3,2019-03-24,5,31.880001,16.492857,N
139233,7,2019-03-31,3,49.32,3.2314286,N
102769,7,2019-03-31,1,58.057144,3.2314286,N
52148,7,2019-03-31,2,20.054,3.2314286,N
26395,7,2019-03-31,2,34.03,3.2314286,N
105376,7,2019-03-31,1,49.63,3.2314286,N
93507,7,2019-03-31,1,43.04667,3.2314286,N
105376,11,2019-03-31,2,49.63,3.4871428,N
26395,11,2019-03-31,1,34.03,3.4871428,N
102769,11,2019-03-31,4,58.057144,3.4871428,N
93507,11,2019-03-31,2,43.04667,3.4871428,N
139233,11,2019-03-31,4,49.32,3.4871428,N
52148,11,2019-03-31,1,20.054,3.4871428,N
93507,3,2019-03-31,5,43.04667,17.01,N
26395,3,2019-03-31,4,34.03,17.01,N
102769,3,2019-03-31,2,58.057144,17.01,N
105376,3,2019-03-31,1,49.63,17.01,N
139233,3,2019-03-31,4,49.32,17.01,N
52148,3,2019-03-31,4,20.054,17.01,N
105376,7,2019-04-07,2,57.038,5.0142856,N
102769,7,2019-04-07,1,59.76857,5.0142856,N
52148,7,2019-04-07,4,23.328,5.0142856,N
26395,7,2019-04-07,2,34.14,5.0142856,N
93507,7,2019-04-07,1,43.878334,5.0142856,N
139233,7,2019-04-07,4,49.733334,5.0142856,N
139233,11,2019-04-07,2,49.733334,9.132857,N
102769,11,2019-04-07,1,59.76857,9.132857,N
26395,11,2019-04-07,5,34.14,9.132857,N
105376,11,2019-04-07,1,57.038,9.132857,N
93507,11,2019-04-07,5,43.878334,9.132857,N
52148,11,2019-04-07,4,23.328,9.132857,N
102769,3,2019-04-07,2,59.76857,11.721429,N
52148,3,2019-04-07,4,23.328,11.721429,N
26395,3,2019-04-07,3,34.14,11.721429,N
139233,3,2019-04-07,4,49.733334,11.721429,N
93507,3,2019-04-07,1,43.878334,11.721429,N
105376,3,2019-04-07,4,57.038,11.721429,N
52148,7,2019-04-14,1,20.946001,7.6314287,N
139233,7,2019-04-14,1,49.99,7.6314287,N
102769,7,2019-04-14,3,57.642857,7.6314287,N
105376,7,2019-04-14,3,55.216,7.6314287,N
26395,7,2019-04-14,2,34.713333,7.6314287,N
93507,7,2019-04-14,1,42.31167,7.6314287,N
93507,11,2019-04-14,4,42.31167,8.808572,N
26395,11,2019-04-14,4,34.713333,8.808572,N
52148,11,2019-04-14,2,20.946001,8.808572,N
105376,11,2019-04-14,4,55.216,8.808572,N
102769,11,2019-04-14,3,57.642857,8.808572,N
139233,11,2019-04-14,5,49.99,8.808572,N
26395,3,2019-04-14,2,34.713333,13.611428,N
93507,3,2019-04-14,2,42.31167,13.611428,N
52148,3,2019-04-14,3,20.946001,13.611428,N
139233,3,2019-04-14,2,49.99,13.611428,N
102769,3,2019-04-14,2,57.642857,13.611428,N
105376,3,2019-04-14,5,55.216,13.611428,N
105376,7,2019-04-21,2,57.634,6.7385716,N
139233,7,2019-04-21,4,48.565,6.7385716,N
26395,7,2019-04-21,3,34.076668,6.7385716,N
93507,7,2019-04-21,3,43.573334,6.7385716,N
102769,7,2019-04-21,5,59.50857,6.7385716,N
52148,7,2019-04-21,4,21.973999,6.7385716,N
52148,11,2019-04-21,2,21.973999,11.6757145,N
93507,11,2019-04-21,4,43.573334,11.6757145,N
26395,11,2019-04-21,1,34.076668,11.6757145,N
105376,11,2019-04-21,1,57.634,11.6757145,N
102769,11,2019-04-21,4,59.50857,11.6757145,N
139233,11,2019-04-21,5,48.565,11.6757145,N
26395,3,2019-04-21,3,34.076668,14.487143,N
93507,3,2019-04-21,1,43.573334,14.487143,N
139233,3,2019-04-21,5,48.565,14.487143,N
105376,3,2019-04-21,2,57.634,14.487143,N
52148,3,2019-04-21,5,21.973999,14.487143,N
102769,3,2019-04-21,3,59.50857,14.487143,N
105376,7,2019-04-28,4,55.972,6.9385715,N
93507,7,2019-04-28,5,42.94,6.9385715,N
26395,7,2019-04-28,2,34.453335,6.9385715,N
102769,7,2019-04-28,1,58.485714,6.9385715,N
52148,7,2019-04-28,5,21.636,6.9385715,N
139233,7,2019-04-28,1,49.483334,6.9385715,N
102769,11,2019-04-28,4,58.485714,8.015715,N
52148,11,2019-04-28,2,21.636,8.015715,N
139233,11,2019-04-28,5,49.483334,8.015715,N
26395,11,2019-04-28,3,34.453335,8.015715,N
105376,11,2019-04-28,2,55.972,8.015715,N
93507,11,2019-04-28,3,42.94,8.015715,N
105376,3,2019-04-28,4,55.972,17.772858,N
139233,3,2019-04-28,2,49.483334,17.772858,N
102769,3,2019-04-28,4,58.485714,17.772858,N
93507,3,2019-04-28,5,42.94,17.772858,N
52148,3,2019-04-28,4,21.636,17.772858,N
26395,3,2019-04-28,2,34.453335,17.772858,N
26395,7,2019-05-05,4,27.85,9.715714,N
93507,7,2019-05-05,4,33.505,9.715714,N
52148,7,2019-05-05,3,19.248,9.715714,N
139233,7,2019-05-05,4,41.805,9.715714,N
102769,7,2019-05-05,1,47.041428,9.715714,N
105376,7,2019-05-05,4,42.598,9.715714,N
139233,11,2019-05-05,2,41.805,15.192857,N
26395,11,2019-05-05,3,27.85,15.192857,N
105376,11,2019-05-05,4,42.598,15.192857,N
102769,11,2019-05-05,1,47.041428,15.192857,N
93507,11,2019-05-05,1,33.505,15.192857,N
52148,11,2019-05-05,4,19.248,15.192857,N
139233,3,2019-05-05,4,41.805,26.002857,N
105376,3,2019-05-05,1,42.598,26.002857,N
93507,3,2019-05-05,5,33.505,26.002857,N
102769,3,2019-05-05,5,47.041428,26.002857,N
52148,3,2019-05-05,3,19.248,26.002857,N
26395,3,2019-05-05,3,27.85,26.002857,N
93507,7,2019-05-12,3,32.893333,6.4271426,N
105376,7,2019-05-12,2,43.542,6.4271426,N
139233,7,2019-05-12,3,41.671665,6.4271426,N
102769,7,2019-05-12,3,50.872856,6.4271426,N
52148,7,2019-05-12,4,16.174,6.4271426,N
26395,7,2019-05-12,3,28.278334,6.4271426,N
102769,11,2019-05-12,1,50.872856,13.5,N
26395,11,2019-05-12,2,28.278334,13.5,N
105376,11,2019-05-12,4,43.542,13.5,N
93507,11,2019-05-12,5,32.893333,13.5,N
52148,11,2019-05-12,5,16.174,13.5,N
139233,11,2019-05-12,1,41.671665,13.5,N
52148,3,2019-05-12,5,16.174,20.325714,N
102769,3,2019-05-12,4,50.872856,20.325714,N
26395,3,2019-05-12,3,28.278334,20.325714,N
105376,3,2019-05-12,5,43.542,20.325714,N
93507,3,2019-05-12,1,32.893333,20.325714,N
139233,3,2019-05-12,5,41.671665,20.325714,N
52148,7,2019-05-19,2,17.986,10.702857,N
26395,7,2019-05-19,4,31.77,10.702857,N
105376,7,2019-05-19,5,54.832,10.702857,N
139233,7,2019-05-19,4,46.745,10.702857,N
102769,7,2019-05-19,2,55.872856,10.702857,N
93507,7,2019-05-19,1,38.165,10.702857,N
93507,11,2019-05-19,1,38.165,19.954287,N
52148,11,2019-05-19,2,17.986,19.954287,N
102769,11,2019-05-19,4,55.872856,19.954287,N
26395,11,2019-05-19,1,31.77,19.954287,N
139233,11,2019-05-19,2,46.745,19.954287,N
105376,11,2019-05-19,5,54.832,19.954287,N
105376,3,2019-05-19,3,54.832,21.038572,N
102769,3,2019-05-19,1,55.872856,21.038572,N
93507,3,2019-05-19,1,38.165,21.038572,N
139233,3,2019-05-19,1,46.745,21.038572,N
52148,3,2019-05-19,1,17.986,21.038572,N
26395,3,2019-05-19,2,31.77,21.038572,N
52148,7,2019-05-26,2,15.648,8.888572,N
26395,7,2019-05-26,3,29.921667,8.888572,N
105376,7,2019-05-26,2,47.522,8.888572,N
93507,7,2019-05-26,1,34.261665,8.888572,N
139233,7,2019-05-26,5,46.791668,8.888572,N
102769,7,2019-05-26,5,51.478573,8.888572,N
105376,11,2019-05-26,3,47.522,18.842857,N
139233,11,2019-05-26,3,46.791668,18.842857,N
52148,11,2019-05-26,3,15.648,18.842857,N
26395,11,2019-05-26,1,29.921667,18.842857,N
93507,11,2019-05-26,5,34.261665,18.842857,N
102769,11,2019-05-26,4,51.478573,18.842857,N
26395,3,2019-05-26,2,29.921667,24.305714,N
139233,3,2019-05-26,5,46.791668,24.305714,N
102769,3,2019-05-26,2,51.478573,24.305714,N
105376,3,2019-05-26,2,47.522,24.305714,N
93507,3,2019-05-26,5,34.261665,24.305714,N
52148,3,2019-05-26,5,15.648,24.305714,N
26395,7,2019-06-02,1,30.101667,12.171429,N
93507,7,2019-06-02,3,37.65,12.171429,N
102769,7,2019-06-02,2,48.27714,12.171429,N
52148,7,2019-06-02,4,18.856,12.171429,N
139233,7,2019-06-02,3,42.095,12.171429,N
105376,7,2019-06-02,3,46.476,12.171429,N
93507,11,2019-06-02,1,37.65,20.36,N
105376,11,2019-06-02,2,46.476,20.36,N
102769,11,2019-06-02,1,48.27714,20.36,N
139233,11,2019-06-02,2,42.095,20.36,N
52148,11,2019-06-02,5,18.856,20.36,N
26395,11,2019-06-02,4,30.101667,20.36,N
52148,3,2019-06-02,5,18.856,20.55857,N
93507,3,2019-06-02,3,37.65,20.55857,N
26395,3,2019-06-02,5,30.101667,20.55857,N
105376,3,2019-06-02,5,46.476,20.55857,N
102769,3,2019-06-02,1,48.27714,20.55857,N
139233,3,2019-06-02,4,42.095,20.55857,N
105376,7,2019-06-09,2,43.362,17.365715,N
26395,7,2019-06-09,1,29.48,17.365715,N
139233,7,2019-06-09,2,37.131668,17.365715,N
102769,7,2019-06-09,1,44.65,17.365715,N
52148,7,2019-06-09,1,18.334,17.365715,N
93507,7,2019-06-09,3,36.768333,17.365715,N
105376,11,2019-06-09,5,43.362,20.527143,N
102769,11,2019-06-09,5,44.65,20.527143,N
139233,11,2019-06-09,1,37.131668,20.527143,N
93507,11,2019-06-09,1,36.768333,20.527143,N
52148,11,2019-06-09,1,18.334,20.527143,N
26395,11,2019-06-09,4,29.48,20.527143,N
139233,3,2019-06-09,5,37.131668,25.947144,N
102769,3,2019-06-09,1,44.65,25.947144,N
105376,3,2019-06-09,3,43.362,25.947144,N
52148,3,2019-06-09,5,18.334,25.947144,N
26395,3,2019-06-09,1,29.48,25.947144,N
93507,3,2019-06-09,3,36.768333,25.947144,N
139233,7,2019-06-16,2,36.486668,17.304285,N
105376,7,2019-06-16,5,43.784,17.304285,N
52148,7,2019-06-16,2,17.364,17.304285,N
102769,7,2019-06-16,5,43.69857,17.304285,N
26395,7,2019-06-16,5,29.12,17.304285,N
93507,7,2019-06-16,1,35.523335,17.304285,N
102769,11,2019-06-16,3,43.69857,22.617144,N
93507,11,2019-06-16,2,35.523335,22.617144,N
139233,11,2019-06-16,3,36.486668,22.617144,N
26395,11,2019-06-16,3,29.12,22.617144,N
105376,11,2019-06-16,1,43.784,22.617144,N
52148,11,2019-06-16,5,17.364,22.617144,N
93507,3,2019-06-16,3,35.523335,21.61,N
105376,3,2019-06-16,4,43.784,21.61,N
102769,3,2019-06-16,5,43.69857,21.61,N
139233,3,2019-06-16,2,36.486668,21.61,N
26395,3,2019-06-16,2,29.12,21.61,N
52148,3,2019-06-16,5,17.364,21.61,N
139233,7,2019-06-23,4,35.82833,16.415714,N
52148,7,2019-06-23,3,12.901999,16.415714,N
93507,7,2019-06-23,2,34.076668,16.415714,N
26395,7,2019-06-23,3,30.043333,16.415714,N
105376,7,2019-06-23,3,42.092,16.415714,N
102769,7,2019-06-23,5,42.368572,16.415714,N
52148,11,2019-06-23,4,12.901999,26.79857,N
26395,11,2019-06-23,2,30.043333,26.79857,N
93507,11,2019-06-23,3,34.076668,26.79857,N
105376,11,2019-06-23,4,42.092,26.79857,N
139233,11,2019-06-23,1,35.82833,26.79857,N
102769,11,2019-06-23,1,42.368572,26.79857,N
93507,3,2019-06-23,1,34.076668,20.895714,N
105376,3,2019-06-23,5,42.092,20.895714,N
52148,3,2019-06-23,2,12.901999,20.895714,N
139233,3,2019-06-23,4,35.82833,20.895714,N
102769,3,2019-06-23,1,42.368572,20.895714,N
26395,3,2019-06-23,2,30.043333,20.895714,N
52148,7,2019-06-30,2,18.416,20.881428,N
26395,7,2019-06-30,1,29.583334,20.881428,N
139233,7,2019-06-30,3,37.2,20.881428,N
105376,7,2019-06-30,5,42.984,20.881428,N
102769,7,2019-06-30,4,44.5,20.881428,N
93507,7,2019-06-30,2,42.368332,20.881428,N
102769,11,2019-06-30,2,44.5,29.038572,N
26395,11,2019-06-30,4,29.583334,29.038572,N
139233,11,2019-06-30,5,37.2,29.038572,N
105376,11,2019-06-30,5,42.984,29.038572,N
52148,11,2019-06-30,2,18.416,29.038572,N
93507,11,2019-06-30,3,42.368332,29.038572,N
102769,3,2019-06-30,2,44.5,21.851429,N
139233,3,2019-06-30,1,37.2,21.851429,N
93507,3,2019-06-30,3,42.368332,21.851429,N
105376,3,2019-06-30,1,42.984,21.851429,N
26395,3,2019-06-30,4,29.583334,21.851429,N
52148,3,2019-06-30,4,18.416,21.851429,N
139233,7,2019-07-07,5,42.655,20.762857,N
102769,7,2019-07-07,3,49.94857,20.762857,N
93507,7,2019-07-07,1,44.058334,20.762857,N
26395,7,2019-07-07,5,29.573334,20.762857,N
52148,7,2019-07-07,3,20.586,20.762857,N
105376,7,2019-07-07,2,45.975998,20.762857,N
26395,11,2019-07-07,3,29.573334,27.094286,N
52148,11,2019-07-07,3,20.586,27.094286,N
139233,11,2019-07-07,1,42.655,27.094286,N
102769,11,2019-07-07,1,49.94857,27.094286,N
93507,11,2019-07-07,1,44.058334,27.094286,N
105376,11,2019-07-07,3,45.975998,27.094286,N
105376,3,2019-07-07,5,45.975998,23.035715,N
26395,3,2019-07-07,3,29.573334,23.035715,N
93507,3,2019-07-07,4,44.058334,23.035715,N
139233,3,2019-07-07,2,42.655,23.035715,N
102769,3,2019-07-07,3,49.94857,23.035715,N
52148,3,2019-07-07,3,20.586,23.035715,N
93507,7,2019-07-14,1,42.97667,22.354286,N
26395,7,2019-07-14,2,33.966667,22.354286,N
105376,7,2019-07-14,2,53.828,22.354286,N
102769,7,2019-07-14,4,58.028572,22.354286,N
52148,7,2019-07-14,4,23.348,22.354286,N
139233,7,2019-07-14,2,48.788334,22.354286,N
105376,11,2019-07-14,2,53.828,31.29143,N
52148,11,2019-07-14,3,23.348,31.29143,N
93507,11,2019-07-14,3,42.97667,31.29143,N
26395,11,2019-07-14,1,33.966667,31.29143,N
139233,11,2019-07-14,4,48.788334,31.29143,N
102769,11,2019-07-14,4,58.028572,31.29143,N
93507,3,2019-07-14,3,42.97667,23.204287,N
139233,3,2019-07-14,1,48.788334,23.204287,N
102769,3,2019-07-14,4,58.028572,23.204287,N
105376,3,2019-07-14,1,53.828,23.204287,N
52148,3,2019-07-14,3,23.348,23.204287,N
26395,3,2019-07-14,3,33.966667,23.204287,N
105376,7,2019-07-21,4,44.184,21.86143,N
139233,7,2019-07-21,5,34.466667,21.86143,N
102769,7,2019-07-21,2,44.045715,21.86143,N
93507,7,2019-07-21,4,42.713333,21.86143,N
26395,7,2019-07-21,2,33.79,21.86143,N
52148,7,2019-07-21,5,17.402,21.86143,N
105376,11,2019-07-21,4,44.184,26.97,N
139233,11,2019-07-21,5,34.466667,26.97,N
93507,11,2019-07-21,3,42.713333,26.97,N
52148,11,2019-07-21,1,17.402,26.97,N
26395,11,2019-07-21,5,33.79,26.97,N
102769,11,2019-07-21,1,44.045715,26.97,N
26395,3,2019-07-21,4,33.79,26.397142,N
139233,3,2019-07-21,4,34.466667,26.397142,N
52148,3,2019-07-21,4,17.402,26.397142,N
102769,3,2019-07-21,5,44.045715,26.397142,N
105376,3,2019-07-21,5,44.184,26.397142,N
93507,3,2019-07-21,4,42.713333,26.397142,N
139233,7,2019-07-28,1,34.918335,23.41,N
102769,7,2019-07-28,4,39.16,23.41,N
52148,7,2019-07-28,5,16.796,23.41,N
26395,7,2019-07-28,4,32.583332,23.41,N
105376,7,2019-07-28,3,36.396,23.41,N
93507,7,2019-07-28,2,40.24,23.41,N
102769,11,2019-07-28,2,39.16,27.984285,N
52148,11,2019-07-28,1,16.796,27.984285,N
93507,11,2019-07-28,3,40.24,27.984285,N
105376,11,2019-07-28,3,36.396,27.984285,N
139233,11,2019-07-28,1,34.918335,27.984285,N
26395,11,2019-07-28,2,32.583332,27.984285,N
102769,3,2019-07-28,5,39.16,25.62143,N
52148,3,2019-07-28,4,16.796,25.62143,N
105376,3,2019-07-28,1,36.396,25.62143,N
139233,3,2019-07-28,3,34.918335,25.62143,N
93507,3,2019-07-28,3,40.24,25.62143,N
26395,3,2019-07-28,4,32.583332,25.62143,N
102769,7,2019-08-04,5,43.931427,21.542856,N
52148,7,2019-08-04,2,22.598,21.542856,N
105376,7,2019-08-04,3,41.304,21.542856,N
26395,7,2019-08-04,5,32.713333,21.542856,N
93507,7,2019-08-04,3,43.29,21.542856,N
139233,7,2019-08-04,3,47.75,21.542856,N
102769,11,2019-08-04,2,43.931427,26.578571,N
26395,11,2019-08-04,5,32.713333,26.578571,N
93507,11,2019-08-04,5,43.29,26.578571,N
52148,11,2019-08-04,2,22.598,26.578571,N
139233,11,2019-08-04,1,47.75,26.578571,N
105376,11,2019-08-04,3,41.304,26.578571,N
105376,3,2019-08-04,1,41.304,26.267143,N
93507,3,2019-08-04,5,43.29,26.267143,N
26395,3,2019-08-04,4,32.713333,26.267143,N
52148,3,2019-08-04,4,22.598,26.267143,N
139233,3,2019-08-04,4,47.75,26.267143,N
102769,3,2019-08-04,4,43.931427,26.267143,N
105376,7,2019-08-11,2,48.17,20.87143,N
26395,7,2019-08-11,1,29.553333,20.87143,N
139233,7,2019-08-11,3,49.681667,20.87143,N
102769,7,2019-08-11,2,50.695713,20.87143,N
52148,7,2019-08-11,1,22.872,20.87143,N
93507,7,2019-08-11,3,35.958332,20.87143,N
105376,11,2019-08-11,4,48.17,26.408571,N
139233,11,2019-08-11,2,49.681667,26.408571,N
102769,11,2019-08-11,3,50.695713,26.408571,N
93507,11,2019-08-11,5,35.958332,26.408571,N
26395,11,2019-08-11,3,29.553333,26.408571,N
52148,11,2019-08-11,1,22.872,26.408571,N
102769,3,2019-08-11,2,50.695713,24.595715,N
52148,3,2019-08-11,1,22.872,24.595715,N
105376,3,2019-08-11,3,48.17,24.595715,N
139233,3,2019-08-11,2,49.681667,24.595715,N
26395,3,2019-08-11,3,29.553333,24.595715,N
93507,3,2019-08-11,2,35.958332,24.595715,N
52148,7,2019-08-18,4,24.214,22.738571,N
102769,7,2019-08-18,3,56.637142,22.738571,N
105376,7,2019-08-18,1,54.666,22.738571,N
93507,7,2019-08-18,4,30.78,22.738571,N
26395,7,2019-08-18,5,24.153334,22.738571,N
139233,7,2019-08-18,1,46.925,22.738571,N
105376,11,2019-08-18,2,54.666,25.825714,N
52148,11,2019-08-18,2,24.214,25.825714,N
26395,11,2019-08-18,5,24.153334,25.825714,N
102769,11,2019-08-18,4,56.637142,25.825714,N
93507,11,2019-08-18,3,30.78,25.825714,N
139233,11,2019-08-18,3,46.925,25.825714,N
26395,3,2019-08-18,5,24.153334,22.207144,N
52148,3,2019-08-18,2,24.214,22.207144,N
139233,3,2019-08-18,1,46.925,22.207144,N
102769,3,2019-08-18,1,56.637142,22.207144,N
105376,3,2019-08-18,5,54.666,22.207144,N
93507,3,2019-08-18,4,30.78,22.207144,N
139233,7,2019-08-25,4,48.54,21.068571,N
93507,7,2019-08-25,2,35.298332,21.068571,N
52148,7,2019-08-25,3,23.118,21.068571,N
105376,7,2019-08-25,2,57.66,21.068571,N
102769,7,2019-08-25,2,58.068573,21.068571,N
26395,7,2019-08-25,5,28.01,21.068571,N
139233,11,2019-08-25,4,48.54,22.998571,N
52148,11,2019-08-25,2,23.118,22.998571,N
26395,11,2019-08-25,3,28.01,22.998571,N
93507,11,2019-08-25,4,35.298332,22.998571,N
102769,11,2019-08-25,2,58.068573,22.998571,N
105376,11,2019-08-25,2,57.66,22.998571,N
93507,3,2019-08-25,1,35.298332,26.012857,N
52148,3,2019-08-25,2,23.118,26.012857,N
26395,3,2019-08-25,1,28.01,26.012857,N
105376,3,2019-08-25,4,57.66,26.012857,N
139233,3,2019-08-25,2,48.54,26.012857,N
102769,3,2019-08-25,5,58.068573,26.012857,N
105376,7,2019-09-01,4,57.614,19.414286,N
102769,7,2019-09-01,5,59.267143,19.414286,N
139233,7,2019-09-01,5,49.233334,19.414286,N
52148,7,2019-09-01,1,20.138,19.414286,N
93507,7,2019-09-01,5,43.415,19.414286,N
26395,7,2019-09-01,5,34.123333,19.414286,N
105376,11,2019-09-01,5,57.614,20.96,N
52148,11,2019-09-01,3,20.138,20.96,N
139233,11,2019-09-01,5,49.233334,20.96,N
102769,11,2019-09-01,2,59.267143,20.96,N
93507,11,2019-09-01,3,43.415,20.96,N
26395,11,2019-09-01,4,34.123333,20.96,N
102769,3,2019-09-01,3,59.267143,25.624287,N
105376,3,2019-09-01,4,57.614,25.624287,N
26395,3,2019-09-01,2,34.123333,25.624287,N
52148,3,2019-09-01,4,20.138,25.624287,N
139233,3,2019-09-01,4,49.233334,25.624287,N
93507,3,2019-09-01,2,43.415,25.624287,N
93507,7,2019-09-08,2,38.476665,17.498571,N
105376,7,2019-09-08,1,53.34,17.498571,N
102769,7,2019-09-08,5,54.802856,17.498571,N
52148,7,2019-09-08,4,18.526001,17.498571,N
139233,7,2019-09-08,4,45.131668,17.498571,N
26395,7,2019-09-08,2,32.3,17.498571,N
139233,11,2019-09-08,2,45.131668,21.668571,N
102769,11,2019-09-08,1,54.802856,21.668571,N
52148,11,2019-09-08,3,18.526001,21.668571,N
26395,11,2019-09-08,1,32.3,21.668571,N
105376,11,2019-09-08,3,53.34,21.668571,N
93507,11,2019-09-08,4,38.476665,21.668571,N
26395,3,2019-09-08,1,32.3,20.212856,N
139233,3,2019-09-08,3,45.131668,20.212856,N
105376,3,2019-09-08,2,53.34,20.212856,N
52148,3,2019-09-08,1,18.526001,20.212856,N
93507,3,2019-09-08,3,38.476665,20.212856,N
102769,3,2019-09-08,1,54.802856,20.212856,N
139233,7,2019-09-15,3,45.716667,17.945715,N
105376,7,2019-09-15,4,41.414,17.945715,N
52148,7,2019-09-15,1,22.242,17.945715,N
26395,7,2019-09-15,2,32.21,17.945715,N
93507,7,2019-09-15,4,36.661667,17.945715,N
102769,7,2019-09-15,1,53.392857,17.945715,N
102769,11,2019-09-15,3,53.392857,22.264286,N
139233,11,2019-09-15,3,45.716667,22.264286,N
93507,11,2019-09-15,1,36.661667,22.264286,N
105376,11,2019-09-15,4,41.414,22.264286,N
52148,11,2019-09-15,2,22.242,22.264286,N
26395,11,2019-09-15,5,32.21,22.264286,N
139233,3,2019-09-15,4,45.716667,17.818571,N
52148,3,2019-09-15,2,22.242,17.818571,N
26395,3,2019-09-15,5,32.21,17.818571,N
93507,3,2019-09-15,5,36.661667,17.818571,N
102769,3,2019-09-15,5,53.392857,17.818571,N
105376,3,2019-09-15,3,41.414,17.818571,N
139233,7,2019-09-22,3,39.98,18.5,N
102769,7,2019-09-22,3,43.84,18.5,N
105376,7,2019-09-22,4,44.274,18.5,N
26395,7,2019-09-22,2,26.853333,18.5,N
93507,7,2019-09-22,2,28.85,18.5,N
52148,7,2019-09-22,4,9.254,18.5,N
105376,11,2019-09-22,4,44.274,23.314285,N
102769,11,2019-09-22,4,43.84,23.314285,N
93507,11,2019-09-22,5,28.85,23.314285,N
52148,11,2019-09-22,4,9.254,23.314285,N
26395,11,2019-09-22,3,26.853333,23.314285,N
139233,11,2019-09-22,3,39.98,23.314285,N
26395,3,2019-09-22,2,26.853333,16.774286,N
139233,3,2019-09-22,2,39.98,16.774286,N
93507,3,2019-09-22,4,28.85,16.774286,N
52148,3,2019-09-22,3,9.254,16.774286,N
105376,3,2019-09-22,2,44.274,16.774286,N
102769,3,2019-09-22,1,43.84,16.774286,N
93507,7,2019-09-29,5,28.856667,13.141429,N
26395,7,2019-09-29,1,26.756666,13.141429,N
52148,7,2019-09-29,2,16.152,13.141429,N
102769,7,2019-09-29,2,45.44143,13.141429,N
105376,7,2019-09-29,5,39.77,13.141429,N
139233,7,2019-09-29,3,38.408333,13.141429,N
52148,11,2019-09-29,1,16.152,16.35,N
105376,11,2019-09-29,5,39.77,16.35,N
93507,11,2019-09-29,1,28.856667,16.35,N
26395,11,2019-09-29,4,26.756666,16.35,N
102769,11,2019-09-29,5,45.44143,16.35,N
139233,11,2019-09-29,4,38.408333,16.35,N
52148,3,2019-09-29,1,16.152,15.18,N
26395,3,2019-09-29,3,26.756666,15.18,N
139233,3,2019-09-29,5,38.408333,15.18,N
102769,3,2019-09-29,5,45.44143,15.18,N
93507,3,2019-09-29,2,28.856667,15.18,N
105376,3,2019-09-29,5,39.77,15.18,N
93507,7,2019-10-06,3,39.521667,14.244286,N
105376,7,2019-10-06,3,42.87,14.244286,N
139233,7,2019-10-06,1,46.053333,14.244286,N
26395,7,2019-10-06,5,32.47167,14.244286,N
102769,7,2019-10-06,3,56.9,14.244286,N
52148,7,2019-10-06,4,20.826,14.244286,N
52148,11,2019-10-06,3,20.826,16.914286,N
93507,11,2019-10-06,5,39.521667,16.914286,N
105376,11,2019-10-06,4,42.87,16.914286,N
102769,11,2019-10-06,4,56.9,16.914286,N
139233,11,2019-10-06,1,46.053333,16.914286,N
26395,11,2019-10-06,5,32.47167,16.914286,N
102769,3,2019-10-06,1,56.9,13.667143,N
26395,3,2019-10-06,5,32.47167,13.667143,N
52148,3,2019-10-06,1,20.826,13.667143,N
105376,3,2019-10-06,2,42.87,13.667143,N
93507,3,2019-10-06,4,39.521667,13.667143,N
139233,3,2019-10-06,5,46.053333,13.667143,N
105376,7,2019-10-13,4,53.784,13.205714,N
26395,7,2019-10-13,5,34.05,13.205714,N
93507,7,2019-10-13,3,39.868332,13.205714,N
139233,7,2019-10-13,5,48.163334,13.205714,N
52148,7,2019-10-13,1,24.842001,13.205714,N
102769,7,2019-10-13,4,59.42143,13.205714,N
139233,11,2019-10-13,1,48.163334,11.772857,N
102769,11,2019-10-13,4,59.42143,11.772857,N
26395,11,2019-10-13,2,34.05,11.772857,N
52148,11,2019-10-13,4,24.842001,11.772857,N
105376,11,2019-10-13,1,53.784,11.772857,N
93507,11,2019-10-13,5,39.868332,11.772857,N
105376,3,2019-10-13,5,53.784,12.561429,N
52148,3,2019-10-13,4,24.842001,12.561429,N
102769,3,2019-10-13,5,59.42143,12.561429,N
93507,3,2019-10-13,5,39.868332,12.561429,N
139233,3,2019-10-13,2,48.163334,12.561429,N
26395,3,2019-10-13,5,34.05,12.561429,N
26395,7,2019-10-20,3,33.663334,12.752857,N
102769,7,2019-10-20,5,56.91857,12.752857,N
139233,7,2019-10-20,3,45.18,12.752857,N
105376,7,2019-10-20,5,54.572,12.752857,N
93507,7,2019-10-20,2,39.231667,12.752857,N
52148,7,2019-10-20,2,15.42,12.752857,N
93507,11,2019-10-20,1,39.231667,13.201428,N
102769,11,2019-10-20,4,56.91857,13.201428,N
105376,11,2019-10-20,5,54.572,13.201428,N
139233,11,2019-10-20,1,45.18,13.201428,N
52148,11,2019-10-20,5,15.42,13.201428,N
26395,11,2019-10-20,4,33.663334,13.201428,N
26395,3,2019-10-20,4,33.663334,12.795714,N
102769,3,2019-10-20,4,56.91857,12.795714,N
52148,3,2019-10-20,5,15.42,12.795714,N
139233,3,2019-10-20,5,45.18,12.795714,N
105376,3,2019-10-20,2,54.572,12.795714,N
93507,3,2019-10-20,5,39.231667,12.795714,N
105376,7,2019-10-27,2,55.672,11.374286,N
93507,7,2019-10-27,2,34.923332,11.374286,N
26395,7,2019-10-27,2,32.111668,11.374286,N
102769,7,2019-10-27,2,51.492855,11.374286,N
52148,7,2019-10-27,3,23.902,11.374286,N
139233,7,2019-10-27,2,45.791668,11.374286,N
105376,11,2019-10-27,1,55.672,10.048572,N
52148,11,2019-10-27,1,23.902,10.048572,N
26395,11,2019-10-27,5,32.111668,10.048572,N
139233,11,2019-10-27,5,45.791668,10.048572,N
93507,11,2019-10-27,2,34.923332,10.048572,N
102769,11,2019-10-27,1,51.492855,10.048572,N
139233,3,2019-10-27,3,45.791668,11.798572,N
105376,3,2019-10-27,2,55.672,11.798572,N
52148,3,2019-10-27,1,23.902,11.798572,N
102769,3,2019-10-27,4,51.492855,11.798572,N
26395,3,2019-10-27,3,32.111668,11.798572,N
93507,3,2019-10-27,4,34.923332,11.798572,N
139233,7,2019-11-03,4,46.56,8.097143,N
26395,7,2019-11-03,3,32.013332,8.097143,N
102769,7,2019-11-03,3,54.445713,8.097143,N
105376,7,2019-11-03,1,41.534,8.097143,N
52148,7,2019-11-03,2,18.716,8.097143,N
93507,7,2019-11-03,4,35.218334,8.097143,N
52148,11,2019-11-03,4,18.716,2.6942856,N
102769,11,2019-11-03,2,54.445713,2.6942856,N
93507,11,2019-11-03,4,35.218334,2.6942856,N
105376,11,2019-11-03,5,41.534,2.6942856,N
26395,11,2019-11-03,1,32.013332,2.6942856,N
139233,11,2019-11-03,3,46.56,2.6942856,N
26395,3,2019-11-03,5,32.013332,12.948571,N
52148,3,2019-11-03,3,18.716,12.948571,N
102769,3,2019-11-03,2,54.445713,12.948571,N
93507,3,2019-11-03,3,35.218334,12.948571,N
105376,3,2019-11-03,3,41.534,12.948571,N
139233,3,2019-11-03,5,46.56,12.948571,N
105376,7,2019-11-10,5,40.048,3.1214285,N
102769,7,2019-11-10,1,52.58286,3.1214285,N
52148,7,2019-11-10,3,15.838,3.1214285,N
93507,7,2019-11-10,2,34.77,3.1214285,N
26395,7,2019-11-10,2,30.56,3.1214285,N
139233,7,2019-11-10,3,44.77667,3.1214285,N
93507,11,2019-11-10,4,34.77,-4.2614284,N
52148,11,2019-11-10,4,15.838,-4.2614284,N
102769,11,2019-11-10,2,52.58286,-4.2614284,N
139233,11,2019-11-10,2,44.77667,-4.2614284,N
26395,11,2019-11-10,2,30.56,-4.2614284,N
105376,11,2019-11-10,1,40.048,-4.2614284,N
93507,3,2019-11-10,5,34.77,12.204286,N
139233,3,2019-11-10,2,44.77667,12.204286,N
52148,3,2019-11-10,4,15.838,12.204286,N
105376,3,2019-11-10,4,40.048,12.204286,N
26395,3,2019-11-10,5,30.56,12.204286,N
102769,3,2019-11-10,1,52.58286,12.204286,N
102769,7,2019-11-17,2,50.355713,2.0728571,N
52148,7,2019-11-17,5,20.99,2.0728571,N
105376,7,2019-11-17,5,44.474,2.0728571,N
93507,7,2019-11-17,3,33.68833,2.0728571,N
139233,7,2019-11-17,1,47.77667,2.0728571,N
26395,7,2019-11-17,4,33.148335,2.0728571,N
52148,11,2019-11-17,1,20.99,1.9342858,N
139233,11,2019-11-17,3,47.77667,1.9342858,N
26395,11,2019-11-17,3,33.148335,1.9342858,N
93507,11,2019-11-17,1,33.68833,1.9342858,N
102769,11,2019-11-17,1,50.355713,1.9342858,N
105376,11,2019-11-17,2,44.474,1.9342858,N
52148,3,2019-11-17,4,20.99,10.558572,N
26395,3,2019-11-17,2,33.148335,10.558572,N
102769,3,2019-11-17,5,50.355713,10.558572,N
93507,3,2019-11-17,2,33.68833,10.558572,N
139233,3,2019-11-17,2,47.77667,10.558572,N
105376,3,2019-11-17,2,44.474,10.558572,N
102769,7,2019-11-24,1,43.81286,3.6585715,N
26395,7,2019-11-24,1,33.27833,3.6585715,N
93507,7,2019-11-24,2,39.968334,3.6585715,N
139233,7,2019-11-24,5,47.318333,3.6585715,N
105376,7,2019-11-24,5,42.552002,3.6585715,N
52148,7,2019-11-24,5,23.534,3.6585715,N
93507,11,2019-11-24,1,39.968334,2.9757142,N
105376,11,2019-11-24,4,42.552002,2.9757142,N
102769,11,2019-11-24,4,43.81286,2.9757142,N
139233,11,2019-11-24,4,47.318333,2.9757142,N
26395,11,2019-11-24,5,33.27833,2.9757142,N
52148,11,2019-11-24,3,23.534,2.9757142,N
93507,3,2019-11-24,4,39.968334,5.7042856,N
52148,3,2019-11-24,4,23.534,5.7042856,N
102769,3,2019-11-24,4,43.81286,5.7042856,N
105376,3,2019-11-24,2,42.552002,5.7042856,N
26395,3,2019-11-24,2,33.27833,5.7042856,N
139233,3,2019-11-24,1,47.318333,5.7042856,N
139233,7,2019-12-01,4,48.190002,-0.88857144,N
102769,7,2019-12-01,5,44.31286,-0.88857144,N
26395,7,2019-12-01,3,33.801666,-0.88857144,N
93507,7,2019-12-01,5,37.933334,-0.88857144,N
52148,7,2019-12-01,5,22.708,-0.88857144,N
105376,7,2019-12-01,1,41.815998,-0.88857144,N
93507,11,2019-12-01,1,37.933334,-2.7928572,N
102769,11,2019-12-01,1,44.31286,-2.7928572,N
26395,11,2019-12-01,2,33.801666,-2.7928572,N
52148,11,2019-12-01,1,22.708,-2.7928572,N
105376,11,2019-12-01,2,41.815998,-2.7928572,N
139233,11,2019-12-01,5,48.190002,-2.7928572,N
105376,3,2019-12-01,4,41.815998,7.782857,N
93507,3,2019-12-01,5,37.933334,7.782857,N
52148,3,2019-12-01,4,22.708,7.782857,N
102769,3,2019-12-01,5,44.31286,7.782857,N
26395,3,2019-12-01,2,33.801666,7.782857,N
139233,3,2019-12-01,5,48.190002,7.782857,N
102769,7,2019-12-08,4,43.19,1.93,N
139233,7,2019-12-08,5,47.04667,1.93,N
26395,7,2019-12-08,4,30.24,1.93,N
105376,7,2019-12-08,1,41.882,1.93,N
93507,7,2019-12-08,4,31.775,1.93,N
52148,7,2019-12-08,5,20.064,1.93,N
93507,11,2019-12-08,3,31.775,-1.3657143,N
26395,11,2019-12-08,4,30.24,-1.3657143,N
139233,11,2019-12-08,4,47.04667,-1.3657143,N
105376,11,2019-12-08,3,41.882,-1.3657143,N
52148,11,2019-12-08,5,20.064,-1.3657143,N
102769,11,2019-12-08,2,43.19,-1.3657143,N
105376,3,2019-12-08,2,41.882,7.2,N
93507,3,2019-12-08,1,31.775,7.2,N
139233,3,2019-12-08,3,47.04667,7.2,N
26395,3,2019-12-08,2,30.24,7.2,N
52148,3,2019-12-08,5,20.064,7.2,N
102769,3,2019-12-08,3,43.19,7.2,N
139233,7,2019-12-15,2,40.153336,-3.39,N
105376,7,2019-12-15,2,38.461998,-3.39,N
102769,7,2019-12-15,2,43.822857,-3.39,N
52148,7,2019-12-15,5,11.926,-3.39,N
26395,7,2019-12-15,5,27.06,-3.39,N
93507,7,2019-12-15,4,32.388332,-3.39,N
93507,11,2019-12-15,1,32.388332,-5.3314285,N
52148,11,2019-12-15,3,11.926,-5.3314285,N
102769,11,2019-12-15,4,43.822857,-5.3314285,N
26395,11,2019-12-15,2,27.06,-5.3314285,N
139233,11,2019-12-15,1,40.153336,-5.3314285,N
105376,11,2019-12-15,2,38.461998,-5.3314285,N
102769,3,2019-12-15,3,43.822857,5.551429,N
52148,3,2019-12-15,5,11.926,5.551429,N
105376,3,2019-12-15,2,38.461998,5.551429,N
139233,3,2019-12-15,5,40.153336,5.551429,N
93507,3,2019-12-15,1,32.388332,5.551429,N
26395,3,2019-12-15,4,27.06,5.551429,N
52148,7,2019-12-22,2,14.216,-2.54,N
139233,7,2019-12-22,1,40.57,-2.54,N
26395,7,2019-12-22,5,28.073334,-2.54,N
102769,7,2019-12-22,5,42.657143,-2.54,N
93507,7,2019-12-22,5,36.783333,-2.54,N
105376,7,2019-12-22,3,40.904,-2.54,N
105376,11,2019-12-22,3,40.904,2.5642858,N
26395,11,2019-12-22,5,28.073334,2.5642858,N
52148,11,2019-12-22,4,14.216,2.5642858,N
93507,11,2019-12-22,4,36.783333,2.5642858,N
139233,11,2019-12-22,1,40.57,2.5642858,N
102769,11,2019-12-22,4,42.657143,2.5642858,N
139233,3,2019-12-22,1,40.57,5.877143,N
52148,3,2019-12-22,2,14.216,5.877143,N
93507,3,2019-12-22,3,36.783333,5.877143,N
26395,3,2019-12-22,3,28.073334,5.877143,N
102769,3,2019-12-22,5,42.657143,5.877143,N
105376,3,2019-12-22,1,40.904,5.877143,N
105376,7,2019-12-29,5,42.95,0.018571429,N
102769,7,2019-12-29,1,44.047142,0.018571429,N
52148,7,2019-12-29,3,14.676,0.018571429,N
26395,7,2019-12-29,5,33.321667,0.018571429,N
93507,7,2019-12-29,2,42.396667,0.018571429,N
139233,7,2019-12-29,5,49.59667,0.018571429,N
93507,11,2019-12-29,1,42.396667,0.38142857,N
102769,11,2019-12-29,3,44.047142,0.38142857,N
139233,11,2019-12-29,5,49.59667,0.38142857,N
26395,11,2019-12-29,2,33.321667,0.38142857,N
52148,11,2019-12-29,2,14.676,0.38142857,N
105376,11,2019-12-29,4,42.95,0.38142857,N
102769,3,2019-12-29,4,44.047142,8.947143,N
105376,3,2019-12-29,4,42.95,8.947143,N
139233,3,2019-12-29,5,49.59667,8.947143,N
93507,3,2019-12-29,1,42.396667,8.947143,N
26395,3,2019-12-29,1,33.321667,8.947143,N
52148,3,2019-12-29,3,14.676,8.947143,N
